Description,Date,Attende,Location,Project,Access,Agenda Type,Category,Duration,Meet Type,Notes,Project Link
Start Concept Art FOUFO,"1/9/2025, 4:30:00 PM","Ricky, bu Lili",Phone Call,Foufo,"bod,team,partner",Meeting,IP Development,.,Online,,
PPM 1,"1/13/2025, 12:00:00 AM","Ricky,Bayu",,Sekawan Limo 2,team,Meeting,Production,,,,
Pick Lock,"20/01/2025, 0:00:00",,,Cocote Tonggo,"bod,team,partner",Meeting,Post Pro,,,,
Analisis Bareng,"1/25/2025, 5:20:00 PM","Mustofha,Ibrahimy,Aji",Di Kantor,Sekawan Limo 2,intern,Meeting,IP Development,,,Melihat dan Menganalisi,
Concept Design Update - Sketch Alien Draft 1,"1/17/2025, 2:00:00 PM","Ricky,Rofiq,Mahes",Whatsapp,Foufo,"bod,team,partner",Meeting,IP Development,-,Online,"Char Design Submit Draft Sketsa Alien, Team Sepakat untuk memilih Alien E untuk di eksplore dengan ditambah akses dakocan. Ditambah dengan kostum madura autentik dengan kopiah panjang",
Concept Design Update - Refines Alien Draft 1,"1/20/2025, 12:21:00 PM","Ricky,Rofiq,Mahes",Whatsapp,Foufo,"bod,team,partner",Meeting,IP Development,-,Online,Char Design submit sketsa alien dengan ditambah warna (refines) plus akses.,https://drive.google.com/drive/folders/1oM-JIlNBMSh23P_6ilkUKxDBcA96X-1m?usp=drive_link
Concept Design Update - Refines Char Alien Draft 2,"1/21/2025, 4:08:00 PM","Ricky,Rofiq,Mahes",Whatsapp,Foufo,"bod,team,partner",Meeting,IP Development,.,Online,"Char Design update alien refines draft 2 dengan ditambahi akses dakocan dan baju autentik madura.

Revisi : 
1. SKAK team request mata dibuat belo dengan reference shiqi alien",https://drive.google.com/drive/folders/1oM-JIlNBMSh23P_6ilkUKxDBcA96X-1m?usp=drive_link
Concept Design Update - Sketch UFO Draft 1,"1/21/2025, 12:00:00 AM","Ricky,Rofiq,Mahes",Whatsapp,Foufo,"bod,team,partner",Meeting,IP Development,-,Online,"Concept Art submit design explorasi untuk skoci UFO untuk dipilih mana model yang akan di eksplorasi nantinya.

Team pilih next model yang akan di eksplorasi point 9,10,11,12.",https://drive.google.com/drive/folders/1C-EfIjS5mOIe_uVum1UMSktj6njAxY_3?usp=drive_link
Concept Design Update -  Sketch UFO Draft 2,"1/22/2025, 12:00:00 PM","Ricky,Rofiq,Mahes",Whatsapp,Foufo,"bod,team,partner",Meeting,IP Development,-,Online,"Dari tipikal bentuk yg sdh dipilih, Concept Artist coba coret2 dikit masukin yg ada unsur aliennya. Akhirnya comes up di kayanya kalo ada bentuk mulut di bagian depan lucu deh.. Mungkin bisa tambahin lampu juga supaya mirip sama mata aliennya. 

SKAK team approved aman, lanjut untuk di refines",https://drive.google.com/drive/folders/14o3TJj5tbCCAQYBZI9FpCzVmiKEuhhie?usp=drive_link
Draft 3 - Global Sinopsis,"2/4/2025, 7:00:00 PM",Faishol,Whatsapp,Foufo,team,Meeting,IP Development,-,Online,Script Writer submit Global Sinopsis draft 2,https://drive.google.com/drive/folders/1Oo8CYDZzy6QVb5UkcyCjnpK3h-Rc6gk7?usp=drive_link
Concept Design Update - Refine Charachter FOUFO Draft 3,"1/23/2025, 9:02:00 AM","Ricky,Rofiq,Mahes",Whatsapp,Foufo,"bod,team,partner",Meeting,IP Development,0,Online,"Char Design update revisi mata UFO belo dan pupil mendekati mata manusia.

Comment : Ms Ricky dengan pilihan A/B & Ms Bayu dengan pilihan E. Next plan nya Char Design compile mix & match dengan pilihan A/B & E",https://drive.google.com/drive/folders/1oM-JIlNBMSh23P_6ilkUKxDBcA96X-1m?usp=drive_link
Concept Design Update - Sketch UFO Draft 3,"1/23/2025, 9:49:00 PM","Ricky,Rofiq,Mahes",Whatsapp,Foufo,"bod,team,partner",Meeting,IP Development,-,Online,"Concept artist submit 3D skoci kecil dengan disesuaikan tinggi & kecil ufo, dan coba simulasi ketika manusia/ufo masuk dalam skoci kecil.

Comment : Ms Ricky meminta revisi karena masih terlihat kebesaran skoci UFO, mengingat nanti ada adegan dibawa ke rombengan, jadi nggak bisa terlalu besar dan sudah disesuaikan oleh concept artist hasil dibawah.",https://drive.google.com/drive/folders/1DrxsgGyMcopOjVAiT9JWvOUE4H7i0Q4t?usp=drive_link
Concept Design Update - Refines UFO Draft 1,"1/24/2025, 6:36:00 PM","Ricky,Rofiq,Mahes",Whatsapp,Foufo,"bod,team,partner",Meeting,IP Development,-,Online,"Concept Art submit draft 4 skoci kecil dengan lebih detail, dengan arahan kap bisa dibuka seperti reference yang diberikan mas rofiq & mas ricky.",https://drive.google.com/drive/folders/12Pir3QSwjp53WGhqDjM84h7XWKy1jizG?usp=drive_link
Concept Design Update -  Refines UFO Draft 2,"1/25/2025, 4:00:00 AM","Ricky,Rofiq,Mahes",Whatsapp,Foufo,"bod,team,partner",Meeting,IP Development,-,Online,"Concept artist submit detail skoci kecil UFO, dengan mix & match warna yang di arahkan mas rofiq. Dan memberikan beberapa opsi warna mix & match.

Comment : Final pilihan pada skoci B, dan dilanjutkan dengan design cookpit dan request mas rofiq dengan kursi gaming didalam skoci",https://drive.google.com/drive/folders/1M9bU74rbCqWMrG7JVzO2T63hi5Yq_aZk?usp=drive_link
Concept Design Update -  Refines Charachter FOUFO Draft 3,"2/2/2025, 6:01:00 PM","Ricky,Rofiq,Mahes",Whatsapp,Foufo,"bod,team,partner",Meeting,IP Development,-,Online,"Char design submit refines semi final dengan lebih detail dari kostum, ekspresi dll.

Comment : masi menunggu feedback dari team SKAK",https://drive.google.com/drive/folders/1M9bU74rbCqWMrG7JVzO2T63hi5Yq_aZk?usp=drive_link
"Internal Meeting - FOUFO Production Design, Strategy & Goals","1/14/2025, 3:00:00 PM",,Skak Studios,Foufo,bod,Meeting,Pre Production,1 Jam,,"Chairperson :
Ricky S. Setyawan - Producer

Attendees :
1. Bayu Skak - Director
2. Henny Myranda - Producer
3. Achmad Rofiq - Producer
4. Anggra - Production Asst

PEMBAHASAN :
- Listing key crew untuk diajukan dengan prioritas awal yaitu Internal, DOP, Art, Casting, Make Up.

- Foufo membutuhkan Co-Director yang memiliki skill visual kuat untuk mendukung transisi Director karena saat preps Film FOUFO, Mas Bayu sedang shooting Sekawan Limo 2. Mas Bayu merekomendasikan Yogi Supra sebagai Co-Director (sementara tetap mencari opsi lain) dan Astrada: Zacky.

- Shooting real di Surabaya akan dipisah dengan shooting studio CGI di Jakarta. Estimasi durasi shooting CGI: 3-4 hari.

- Perlu menghitung opsi budget untuk keseluruhan produksi.

TINDAK LANJUT :
- Menyusun daftar nama crew untuk diajukan.
- Melakukan pencarian Key Crew dan evaluasi kandidat.
- Follow up untuk contact Yogi dan Zacky.
- Setelah Script Draft 1 selesai, baru bisa mulai penghitungan untuk opsi budget.

Minutes Prepared by :
Ang.


",
Production Meeting - Line Producer 1st Meet,"1/22/2025, 8:00:00 PM","Ricky,Bayu",Kantor SKAK Studios,Foufo,"bod,partner",Meeting,Pre Production,-,,"Chairperson:
Ricky R. Setyawan - Producer

Attendees:
Bayu Skak - Director
Rini Atmodjo - Line Producer
Anggra - Production Asst

PEMBAHASAN :
1. Timeline Produksi FOUFO
2. Pengrecruitan crew produksi

INFO TAMBAHAN DARI LP :
1. Untuk DOP jika ada tambahan budget jika ada extra hour maka diakumulaikan perminggu
2. Beberapa PH tidak lagi membayar perdiem shooting crew di luar kota.

KEPUTUSAN :
1. Mba Rini akan aktif setelah draft 1 selesai.
2. Rekomendasi pengrecruit-an crew tunggu draft 3-4 selesai
3. Rencana pihak Skak ketemu dengan Make Up, Art dan Casting awal Februari sebelum Mba Rini
shooting ke Makasar.
4. Skak Studios tidak menghilangkan perdiem, namun hanya membatasi nominalnya saja.

Minutes Prepared by:
Ang.",
Production Meeting - Project Update with Sinemart,"2/5/2025, 11:30:00 AM",,SCTV Tower,Foufo,"bod,partner",Meeting,Pre Production,1 jam,Offline,"Attd:
SKAK Studios: Ricky, Bayu
Sinemart: Pak David, Bu Lili, Bu Elminah, Adri

Foufo:
1. Update progress development (alien dan UFO)
2. Update project dashboard
3. Shooting day 1 akan di mulai di 24 Mei 2025
4. Target release di November 2025

Expedisi:
1. Penulisan akan dilakukan paralel dengan Foufo
2. Target shooting day 1 adalah di September 2025",
Meeting Promo Cocote Tonggo,"2/6/2025, 1:00:00 PM","Ricky,Henny",Kantor Tobali - CEO Building,Cocote Tonggo,bod,Meeting,,1 jam,Offline,"1. Mencari Campaign Manager
2. List semua asset promosi (cast reveal, poster, teaser, trailer, data pemain yg bisa ikut campaign, kota tour)
3. Cari semua source opsi promosi (slot sebelum film, bioskop tenant display, etc)",
Development Meeting - Sinopsis Update,"2/7/2025, 4:00:00 PM",,Skak Studios,Foufo,"bod,team,partner",Meeting,IP Development,1 jam 30 menit,Offline,"Attendees :
Ricky S. Setiyawan - Producer
Bayu Skak - Director
Ichol - Writer

Pembahasan :
Membahas Sinopsis Foufo

Catatan :
Mas Bayu:
- Elemen ""viral tetangga"" dihilangkan, cerita lebih berfokus dalam rumah.

- Muslim bertanggung jawab karena telah mendapat sertifikat.

- Semua karakter memberikan masalah, seperti permasalahan keuangan.

- Toni muncul di awal cerita dan meminta untuk carok.

- Keberangkatan haji harus jelas, termasuk hukumnya dan mekanismenya.

- Foufo mencari bahan bakar untuk segera pulang.

Mas Rofiq:
- Desain audience harus dipertimbangkan dengan baik. Jika ingin karakter memiliki potensi merc, maka harus didesain viral dan tidak hanya bermain di lingkungan rumah.

Mas Ricky:
- Muslim memiliki motif kuat untuk memberangkatkan haji orang tuanya karena dia tidak lulus SMP dan dianggap bodoh di kelas. Keberangkatan haji menjadi kebanggaan serta pembuktiannya.

- Foufo mencari kunci yang hilang dan bahan untuk menyalakan sekoci.

- Keris warisan bapaknya menjadi kunci utama karena bahan keris sama dengan bahan yang dibutuhkan.

Action Items:
Deadline revisi sinopsis: 10 Februari 2025
Penanggung jawab revisi sinopsis: Ichol

Minutes Prepared by:
Ang.

",
Concept Design - Model Sheet Charachter FOUFO Final Draft,"2/7/2025, 9:00:00 PM","Ricky,Rofiq,Mahes",Whatsapp,Foufo,"bod,team,partner",Meeting,IP Development,-,Online,Draft Final Karakter FOUFO dengan ditambahi visual untuk kondisi menggunakan kekuatan dan Ketika K.O,
Concept Design - Wriswatch Draft 1,"2/10/2025, 4:24:00 PM","Ricky,Rofiq,Mahes",Whatsapp,Foufo,"bod,team,partner",Meeting,IP Development,-,Online,-,
Development Meeting - Synopsis Draft 1,"2/10/2025, 5:00:00 PM",,Skak Studios,Foufo,"bod,team,partner",Meeting,IP Development,2 Jam,Offline,"Attendees : :
Ricky S. Setiyawan - Producer
Bayu Skak - Director
Ichol - Writer

Pembahasan :
Revisi Sinopsis Foufo 

Poin Highlight :
- Rahmat membanting-banting kunci Foufo hingga terpotong 

- SEQ 2 : Setelah menyedot Toni, kunci poklek/rusak karena dibuat mainan adiknya mainan sampe putus. Dilas sama muslim namun tidak bisa. 

- Foufo diterima karena membantu ibu diselamatkan karena berhasil menyembuhkan katarak.

- Mustofa orang jenius tapi baju seragam putih biru, hingga kuning. makanya dia di bully.

- Muslim membawa keris untuk dijual  Toni,  Foufo mengetahui bahan tersebut bisa digunakan sebagai pengganti kunci.

- Muslim gagal memberangkatkan haji ada di big problem.

- Kholil Mantan tukang servis berperan menjadi tukang las sekoci dan solder (namanya akan diganti)

- Penjelasan karakter anak Kholil dan Shanaz : 
1. Mustofa  Udah SMP Mempunyai Laptop dari menang olimpiade dapet laptop tapi di bully karena bajunya kuning.

2. Aqeela gemar bermain game. Di ending Aqeela akan memberikan lampu belajar ke Foufo (referensi : Tiktok Lampu Sekoci)

3. Rahmat (TK) yang merusak kunci alien.

- Syaikhona Ibu muslim memberikan barang berharga kipas Kipas angin

Action Items :
Deadline revisi sinopsis 2 : 11 Februari 2025
Penanggung Jawab revisi sinopsis : Ichol

Minutes Prepared by :
Ang",
Development Meeting - Sinopsis Draft 2,"2/12/2025, 3:00:00 PM",,Zoom Meet,Foufo,"bod,team",Meeting,IP Development,1 Jam,Online,"Attendees :
Achmad Rofiq
Achmad Faishol

Pembahasan :

- Memperjelas hirarki bisnis besi :
1. pemulung > pengepul > tengkulak
2. muslim ini pemulung apa pengepul?suoerhero itu harus ada villain yg kuat
3. tapi kacong yg tricky dan manipulatif udah ok sih, bikin lebih jengkelin lagi. Misal dari awal udah nakut nakuti kalo gak dibayar, ya aku siarkan
4. audiens design :
    ‚Ä¢‚Å†  ‚Å†penonton takut viral
    ‚Ä¢‚Å†  ‚Å†‚Å†penonton takut foufo mati
    ‚Ä¢‚Å†  ‚Å†‚Å†penonton takut saiqonah gak jadi brgkt haji
    ‚Ä¢‚Å†  ‚Å†‚Å†penonton takut muslim putus asa
    ‚Ä¢‚Å†  ‚Å†‚Å†penonton ingin keluarga yg lain tau diri
    ‚Ä¢‚Å†  ‚Å†‚Å†penonton ingin kacong menyesal  

- Problem tiba-tiba berangkat.
Solusi mas rofiq: memberikan highlight kekuatan diplomasi antar negara untuk membangun logika proses keberangkatan haji. Catatan penguat bisa dengan menggunakan dialog dengan pihak yang memberikan visa.

- Universe cerita harus dibangun dengan sangat polos. Penuh lompatan-lompatan logika. Opsi pelunasan kurang polos dan lugu. Idealnya, harus lebih polos, dengan cara mendaftar dengan anggapan bisa berangkat setelah daftar.

Poin kurs dollar naik kurang kuat karena bunga bersifat fluktuatif. Harga di awal biasanya termasuk risiko kenaikan bunga. Hal ini membuat poin kurs dollar naik kurang kuat.

Dengan demikian, perlu untuk mendesain logika karakter keluarga Muslim untuk dibuat lugu.

Proses pencarian utangan untuk daftar haji di tampilkan sejak awal. Hal ini akan menciptakan dua segmen penonton di sequence fake victory: penonton yang paham kalau tidak akan bisa secara langung berangkat, dan yang tidak paham. Kedua segmen penonton ini akan menciptakan respons berdasarkan pengetahuan masing-masing.

Setelah momen respons inilah, film ini masuk dengan narasi baru dengan kehadiran Foufo sebagai rezeki yang tidak disangka-sangka, yang bisa memberangkatkan haji.

Membuat beberapa versi alternatif untuk meyakinkan pihak terkait.
Alternatif 1 sinopsis sebelumnya. Alternatif 2 sinopsis terbaru. Alternatif 2, harus dibuat lugu dan mencari pinjaman untuk daftar haji (bukan untuk melunasi).

- Perlu memberikan hint-hint di setiap scene untuk tetap mengikat penonton sekaligus memuat universe cerita utuh.

- Keris bahan yang mirip dengan bahan alien cukup berisiko memerlukan penjelasan lebih jauh.

- Momentum unfimiliar situation, harus dirasakan oleh karakter sekaligus penonton.

- Untuk bisa menciptakan momen big problem yang kuat, harus menciptakan karakter polos.

- Karakter Foufo harus memiliki journey dengan keluarganya, agar bisa membangkitkan simpati penonton. Hal ini menjadi kekuatan ketika dikaitkan dengan konflik keluarga muslim.

- Setiap ide tawaran idealnya harus tetap berpacu pada arketip karakter masing-masing.

Item Action :
- Langkah terdekat, lengkapi poin haji. Perlu diubah mekanisme proses pendaftaran haji dan logika keberangkatan haji.
- Scene plot diprioritaskan setelah sinopsis disepakati.
- Hirarki pengepul harus jelas. Muslim harus jelas berada di posisi herarki yang mana.

Minutes prepared by :
Ang
",
Concept Design Update -  Brainstrom Story & Concept Design,"2/14/2025, 1:00:00 PM",,Skak Studios,Foufo,"bod,team,partner",Meeting,IP Development,2 Jam,"Online,Offline","Attendees :
Mas Ricky
Mas Rofiq (Online goggle meet)
Ichol
Anggra
Fadel Raihan (designer)
_________________________________________

PEMBAHASAN : 

KONSEP UFO

- UFO yang dirakit memiliki keterkaitan dengan cerita utama.
- Pembahasan komponen yang diperlukan untuk merakit UFO.
- Diskusi mengenai bentuk kendaraan, termasuk rangka dan desain
- Warna awal UFO saat tiba di bumi adalah abu-abu, namun setelah dirakit oleh orang Madura berubah menjadi pink.
- Bagian depan akan dimodifikasi dengan beberapa alternatif desain.

MASUKAN DARI TEAM

1. Mas Ricky:
- Secara desain sudah cukup baik.
- Perlu riset lebih lanjut mengenai kapasitas pods.
- Desain tidak perlu terlalu sci-fi.

Perihal Art & Desain:
- Rangka dibuat satu, tetapi desain bodi ada 2 versi: versi original dan versi dirakit orang Madura.
- Interior dibuat minimalis karena akan banyak elemen hologram.
- Bentuk sekoci perlu diretouch agar tidak terlalu menyerupai kendaraan bumi.
- Bagian bawah kaki diberikan bantalan seperti dari ban agar bisa mendarat membel.
- Dilengkapi dengan lampu sein.

2. Ichol :
(Perihal Interior & Kunci) :
- Kunci interior berbentuk seperti keris peninggalan kakeknya Muslim.
- Karakter yang Menyumbang Part:
   1. Ibu Muslim: Kipas angin
   2. Mustofa: Laptop Asus
   3. Aqeela: Tablet game
   4. Shanaz: Blender

3. Mas Rofiq :

- Foufo datang dari luar angkasa, jadi yang harus di desain model bentuk dasar futuristik.

- Saat mau dirakit, ditambah-tambahin jadi kayak vespa (desain yang dirancang orang madura).

- Bahan untuk merakit sekoci menggunakan bahan-bahan dari barang sehari-hari, misalnya spion dari Honda, serta diberi pelat motor.

- Rangka versi 1 dan 2 tetap sama, hanya bodinya yang berbeda seperti konsep modifikasi mobil.

- Sekoci diberikan knalpot.

- Cari Potensial Cameo & Sponsor
Cameo: Om Mobie menyumbang turbo untuk sekoci.
Sponsor: Cat mobil dan salon detailing.

_________________________________________

DESAIN JAM
- Tidak menggunakan antena.
- Bentuk digital dengan kombinasi warna pink dan hijau.
- Fungsi:
   Indikator energi. Bisa mengeluarkan jurus (terkait karakter yang harus operasi katarak). Bisa berfungsi seperti USG untuk karakter Siti.

ITEM ACTION :
Deadline : Akhir Februari 2025

Minutes prepared by :
Ang.",
Development Meeting - Brainstorm Story eith Tretan Muslim,"2/15/2025, 2:00:00 PM",,Kantor Tretan Muslim,Foufo,"bod,team,partner",Meeting,IP Development,3 jam,Offline,"Attendees : 
Ricky, Bayu, Ichol
Muslim, Hari Otong
_________________________________________

Notes: 

1. Diawal saiqona dipress tetangganya, Karena pestanya selama sebulan (bukan
karena haji ++++)
2. Tumpangan pengahantaran haji, naik kuda
3. Selamaten berkali-kali, sebelum berangkat.
4. Ada doorprice ditengah syukuran, Sepeda listrik, Kulkas dan TV, Uang-Uang di
jemur.
5. Yang berangkat haji adalah bos rombeng
6. Mat Saleh, adalah Bos Pengepul kaya raya, ada pesawat susu air
7. Shanas diganti Nur Halimah.
8. Ada mobil polisi yang ringsek dirombeng.
9. Alien jatuh, nama foufo muncul disitu
10. Toni masuk foufo membuka kain, Foufo menyedot. Tranfer pengetahuan.
11. Toni, Ipul dan Kacong langsung ditembak. Muslim ketakutan sama Foufo.
12. Foufo membenarkan motor Muslim karena kepentingan foufo.
13. Bentor, menjadi kendaraan rongsok. Saat mencari rombeng foufo bisa ngilang.
14. Saat bergurau, tiba-tiba muncul. Bukan diperkenalkan Muslim.
15. Cokro nggak percaya, dibatukin sama si Latip
16. Muslim tidak mau pulang, diusir sama satpam. Diancam Vaksin sama muslim.
17. Ayat soal tebur tunai, Lakukanlah kebaikan, niscaya kebaikan itu akan kembali.
18. Latif bisa diisolasi yang tidak proper oleh keluarganya, masker bulukkk, talinya sudah
diganti rafia
19. Nur beli skincare, suntik putih. Uang sisa 10 juta.
20. Nur gaslighting, mengira uang turun 30 juta.
21. Harus ada moment muslim dan foufo menyalakan pesawat.
22. DP haji ditarik sekalian untuk Foufo
",
Concept Design Update - UFO Draft 3,"2/15/2025, 4:00:00 AM",,Whatsapp,Foufo,"bod,team,partner",Meeting,IP Development,0,Online,"Visual Concept submit design sesuai diskusi setelah brainstrom meeting pada Jumat, jadi nantinya akan ada 2 design berbeda sebelum SKOCI landing ke bumi dan sudah Landing ke bumi. Berikut untuk versi skoci kecil UFO sebelum landing ke Bumi.

Feedback : SKAK team sepakat untuk memilih untuk dikembangkan di design A, dengan notes bagian hidung depannya ini revisi dari warna pink ke Abu-Abu, hanya bagian lamu yang memang masih berwarna PINK",https://drive.google.com/drive/folders/1ccqeGUMejcDGbFHS9PYD020zIJ61iGNN?usp=drive_link
"Concept Design Update - UFO, Wristband Draft 3,5 ","2/16/2025, 10:01:00 PM",,Whatsapp,Foufo,"bod,team,partner",Meeting,IP Development,0,Online,"Visual Concept submit design skoci sebelum turun ke bumi, dengan warna yang sudah dikembangkan sesuai dengan notes kemaren, dan update terkait design wristband dengan notes dibikin version digital.


Feedback : ",https://drive.google.com/drive/folders/1oYG2MfiZPXF9hrA9hJ788snB9K_zdZ_e?usp=drive_link
CGI Meeting - CGI (Hompimpa) 1st Meet,"2/17/2025, 1:09:00 PM",,Google Meet,Foufo,"bod,team,partner",Meeting,Pre Production,90,Online,"Meeting Summary: SKAK Studios & Hompimpa - Project FOUFO

Attendance:
SKAK Studios: Mas Ricky, Mahes
Hompimpa: Mas Risma, Mas Dawam,Mba Karina, etc.



Discussion Points & Action Items:

1. Material & Character Details
- Hompimpa menanyakan terkait material dari FOUFO.
- Hompimpa menanyakan detail karakter FOUFO (100cm).
- Mas Ricky info next step untuk meeting CGI dengan Art & Wardrobe guna melakukan testing baju, teknis, dll.

2. CGI & Animation Technical Aspects
Alien Makan: Apakah ada adegan makan? Akan ada adegan makan bebek carok.

Storyboard & Action Details:
- Hompimpa meminta detail storyboard tentang adegan FOUFO seperti conoh makan & minum live-action dll.
- Apakah ada live-action khusus dalam adegan ini? Akan ada namun tidak akan banyak, in pararel script masih on going.
- Mas Ricky menyarankan minum menggunakan sedotan untuk menghindari kesulitan teknis.

Kekuatan Alien: Hompimpa mengonfirmasi bahwa alien memiliki kekuatan menghilang (transparansi) dalam durasi tertentu.

3. Location & Environment Setup
- Lokasi Shooting: Belum dilakukan hunting lokasi, namun dijadwalkan mulai awal Maret.
- Lingkungan CGI: Sebelum hunting lokasi, Hompimpa akan menyiapkan environment untuk rumah.
- Foto HDRI: Setelah lokasi dikunci, Hompimpa meminta foto HDRI untuk riset lighting.

4. Facial Tracking & Motion Capture
- Tools: KeenTools akan digunakan untuk face tracking.
Runway digunakan untuk facial motion capture.

Teknis Audio & Akting:
- Apakah audio direkam lebih dulu sebelum karakter berakting? Atau akting dulu baru dilakukan dubbing? 
- Akan ada dubbing dlu sebelum shooting, jadi actor akan akting mengikuti dubbing
- Perekaman Wajah: Hompimpa memperkenalkan metode record menggunakan Runway, sehingga ekspresi wajah terlihat jelas dalam close-up.

Saran: Rekaman dubbing menggunakan runway sebaiknya dilakukan sebelum shooting agar membantu proses post-produksi.

5. Compositing & Post-Production
Tanggung Jawab & Infrastruktur:
- Hompimpa bertanggung jawab menjaga timeline dan animasi.
- Hompimpa menanyakan pembagian compositing dengan tim Art & Post-Production.
- Untuk grading penuh, Hompimpa belum siap secara infrastruktur.
- Pesawat FOUFO: Adegan pesawat ke bumi akan dibuat full CGI oleh Hompimpa.
- Modeling FOUFO : Akan dikerjakan oleh Hompimpa.
- Lighting Reference: Kepala karakter saat shooting bisa dipasang mock-up kepala agar tim lighting bisa menyesuaikan.

6. Shooting Plan
- Lokasi shooting akan dilakukan di Surabaya Utara.



Next Steps:
- SKAK Studios dan Hompimpa akan menjadwalkan meeting CGI dengan tim Art & Wardrobe.
- Persiapan rekaman wajah dan motion capture sebelum shooting.
- Pengaturan compositing antara Hompimpa, tim Art, dan Post-Production.
- Pembuatan storyboard lebih detail untuk adegan makan & minum.
- SKAK Studios akan membagikan timeline syuting besar ke Hompimpa, dan Hompimpa akan menyarankan detail timeline CGI dan Animasi berdasarkan timeline besar tersebut.",-
Development Meeting - Brainstorm Story with Habib Jafar,"2/19/2025, 10:28:00 PM","Bayu,Faishol",-,Foufo,"bod,team,partner",Meeting,IP Development,"2,5 Jam",Offline,"- Tidak ada masalah ketika kuota haji dipindahkan atas nama orang lain, asalkan orang yang hendak naik haji konfirmasi 3 bulan sebelumnya bahwa dirinya tidak bisa berangkat. Dari
situlah yang kemudian bisa mengganti nama untuk orang yang ingin naik haji.

- Ketika Foufo nganterin ke Saudi terdengar aneh, alangkah lebih baiknya turunnya di Jakarta saja jadi nanti tetap naik pesawat bersama dengan rombongan. Karena kalo regular
harus terdaftar di rombongan haji tapi dengan kemampuan Foufo yang bisa ngilang membuat Ibunya bisa sampai di gerombolan rombongan haji yang lain.

- Tetangganya sukses sedangkan muslim tidak sukses dan mengatakan bahwa dirinya tidak etos dalam bekerja. Muslim menjelaskan bahwa dirinya tidak main rel dan lebih ke jujur.

- Ketika Cokro dan Joko sedang survey, dia melihat ada segorombolan orang-orang yang mengangkat mobil polisi untuk dibawa ke rongsokkan.

- Untuk menunjukkan khas madura Siti ketika melahirkan dibawa ke dukun beranak karena orang madura tidak percaya dengan dokter, dia lebih percaya terhadap dukun beranak.
Semisal bayinya sungsan tapi dukunnya berkata baik-baik saja.

- Perlu ada reason kenapa Ibunya tidak kasihan kepada Muslim dan selalu berdoa untuk bisa pergi ke mekkah.

- Diwaktu mencuri rel kereta, Muslim mengetahui jika perbuatan Kacong ini tidak benar dan dia tidak berani mencuri rel. Tapi Kacong menjelaskan bahwa tidak ada masalah untuk mencuri rel bahkan dirinya memberikan sebuah dalil-dalil agar Muslim percaya. Ciri khas orang madura itu suka mengakali jadi mencari-cari kebenaran padahal sebenarnya salah.

- Disekoci milih Foufo dikasih logo alien yang menyerupai huruf Kafaro dalam bahasa arab agar seperti menyerupai tanda kedatangan dajjal. Tujuannya untuk meyakinkan Kacong bahwa itu adalah dajjal.

- Ketika Foufo mengeluarkan kekuatannya untuk menyerap energi Toni kata yang pertama kali muncul adalah UHUY karena ini berkaitan dengan karakteristik tokoh Komeng jika
dirinya menjadi karakter Toni.

- Pertanyaan pertama dari Muslim kepada Foufo bukan agamanya apa tapi kamu NU apa tidak? Atau bisa juga diganti dengan ketika Muslim bertanya ‚Äúagamamu apa?‚Äù Foufo
menjawab ‚ÄúAku NU‚Äù.

- TBC bagi orang madura itu Tahlilan, Bida, Kurofah. Tidak semua orang dikeluarga Muslim tertular TBC, tapi ada anak nya Latif yang batuk-batuk karena kebanyakan minum es.

- Foufo memiliki kemampuan laser dan menghilang dapat dia gunakan untuk mencuri barang-barang rongsokan yang berharga disaat membantu Muslim mencari rongsokan.

- Orang madura ketika menyimpan uang pasti sangat pintar. Oleh karena itu alangkah lebih baiknya uang Tabungan untuk haji jangan disimpan dilemari nya Muslim tapi dilemari
Ibunya. Tujuannya adalah supaya orang-orang keluarga tau dimana tempat uang disimpan. Disisi lain juga tujuan uang tersebut untuk menaikkan Haji ibunya, jadi tidak ada masalah
ketika Nur berinisiatif untuk mengadakan slametan ketika mendengar kabar uang Bank
cair.

- Ketika Foufo merasa putus asa karena tidak bisa kembali ke induk pesawatnya, dirinya merasa bahwa sebentar lagi akan meninggal dunia. Lalu ada jokes dari Muslim yang
mengatakan ‚ÄúJika ingin mati disini gapapa sih, toh juga disini kalo orang meninggal pasti di tahlilin dan diziarahi‚Äù.

- Timeline pelunasan Haji itu maksimal 3 bulan sebelum keberangkatan haji. Jadi PR nya adalah gimana caranya tetangganya tetap masuk akal ketika mengadakan acara slametan di 3 bulan tersebut. Solusi yang bisa ditawarkan adalah timeline cerita Foufo diganti 4 bulan sebelum keberangkatan Haji, jadi Muslim punya waktu selama 1 bulan untuk melunasi haji ibunya karena jika lebih dari 1 bulan otomatis tidak bisa melunasi karena timeline waktunya telah habis. Nantinya acara tetangga yang akan berangkat
haji itu sudah diadakan 4 bulan sebelum keberangkatan. Ketika Foufo berhasil kembali ke kapal induk, selama 3 bulan Foufo memperbaiki sekocinya atau bisa diakali dengan kegiatan yang lain sampai akhirnya dia kembali lagi ke madura untuk menemui Muslim dan memberangkatkan Haji Ibunya.

- Menelfon/mengabari pihak Kemenag yaitu pihak Kakanwil untuk meminta keringanan pengunduran deadline pelunasan haji.

- Nambah scene adegan Muslim selain pergi ke Bank tapi juga pergi ke Kemenag untuk meminta keringanan pengunduran deadline pelunasan haji. Nanti Kemenag awalnya tidak menerima pengunduran tapi karena sama-sama orang madura jadi dipermudah.

- Ada adegan tetangganya menjemur kain ihram padahal masih bersih. Tapi ketika ditanya kenapa kok dicuci lagi? Jawabannya adalah biar semakin bersih. Selain itu ada juga adegan lempar jumroh dan lain-lain. Bahkan ketika adegan Muslim dan Foufo dilemma, dikasih adegan juga ada aktifitas untuk persiapan naik haji.

- Ada salah satu ayat terindah untuk naik haji yaitu ‚Äúbersegeralah menuju Tuhan‚Äù akan tetapi kenyataannya banyak orang yang tidak bersegera untuk umroh atau haji justru mereka lebih ke tempat yang lain seperti korea dan lain sebagainya. Padahal didalam Al-Qur‚Äôan dijelaskan bahwa ‚Äújangan kamu tinggikan segala sesuatu melebihi ketinggian Nabi Muhammad dan Tuhan‚Äù

- Orang madura itu taat pada 3 hal yaitu Ibu, Guru, dan Pemerintah tetapi itu adalah kearifan
lokal sebelum adanya media sosial.

- Orang madura ketika hidupnya kaya raya itu sangat ditunjukkan seperti contohnya perhiasan mahal dan mewah, cerutu yang dipakai, action figure marvel yang asli dan
lengkap.",https://drive.google.com/file/d/1GOWlKRKvxVxY8PHCgkJV1yAzSCKKNQH2/view?usp=drive_link
Concept Design Update - Detailing UFO 1,"2/19/2025, 1:00:00 AM","Ricky,Rofiq,Mahes",Whatsapp,Foufo,"bod,team,partner",Meeting,IP Development,-,Online,"Visual Artist Submit, 2 Versi Skoci Kecil & Detail Interior: 

1. Versi Pertama Sebelum turun ke Bumi 
2. Versi Kedua Setelah turun ke bumi

Rangka kita kita buat satu, tetapi desain bodi ada 2 versi: versi original (Versi Pertama) dan versi dirakit orang Madura (Versi Kedua).

",-
Production Meeting - Production Timeline Draft 1,"2/24/2025, 2:00:00 PM",,https://meet.google.com/czb-ksyu-ihf,Foufo,"bod,team,partner",Meeting,Pre Production,1 jam 30 menit,Online,"Attendees :
Mas Ricky - Producer
Mas Bayu - Director
Mas Mahes - Project Manager
Mba Rini - Line Producer
Anggra - PA Skak
________________________________

PEMBAHASAN

1. Sponsor & Talent
- Mau ada pembahasan terkait sponsor akan bagaimana masuk ke dalam cerita.
- Untuk keperluan sponsor, perlu dicek apakah ada talent yang sedang menjadi Brand Ambassador (BA) produk tertentu.

2. Kamera & DOP
- Akan menggunakan 2 kamera sejak awal produksi.
- Mahes akan memberikan perkiraan budget dari kantor ke Mba Rini.
- Mba Rini memberikan opsi DOP lain, yaitu Robert (DOP film Komang).
- Sambil mengecek jadwal Robert, negosiasi dengan Amink (opsi DOP pertama) tetap berjalan paralel.
- Kontrak kerja Robert berbeda dengan timnya karena Robert adalah WNA.

3. Timeline Produksi
- Timeline dari Mba Rini sudah padat.
- Bagian yang masih bisa disesuaikan: creator meeting dan draft skenario.
- LOCK BUDGET di akhir bulan April.

4. Astrada
- Astrada 1: Bukan Zacky lagi karena bentrok jadwal dengan film lain. Negosiasi ke opsi kedua, yaitu Yudhi.
- Astrada 2: Bangkit Mahendra (sudah lock).
- Astrada 3: Masih dicek oleh Mba Rini.
- Agenda pertemuan dengan astrada akan dilakukan setelah Mas Bayu kembali dari Surabaya.

5. Talent & Open Casting
- Talent yang dipegang Skak Studios: Muslim, Habib Ja‚Äôfar, dan Dewi Persik.
- Segera koordinasi untuk Open Casting.
- Open Casting dilakukan di Surabaya, bekerja sama dengan Kaza Mall.
- Durasi acara: 1 hari, tetapi jika peserta membludak, bisa diperpanjang menjadi 2 hari.
- Open Casting dijadwalkan bersamaan dengan scouting lokasi di minggu ke-2 April.
- Mas Bayu menginginkan tanggal 14 April 2025 sebagai tanggal final Open Casting.
- Informasi dari Mba Rini: banyak talent saat ini hanya mau bekerja 12-14 jam per hari dalam kontraknya.


6. Lokasi & Manajerial
Lokasi Manager:
- Lokasi shooting rumah diusahakan berdekatan
- Butuh kop surat untuk perizinan awal.
- Kirim deck film untuk keperluan kerja sama.
- Agendakan tanggal untuk diskusi terkait pajak.

Minutes prepared by :
Ang.",
1st Location Hunting - Surabaya Utara,"2/25/2025, 12:00:00 PM",,,Foufo,"bod,team,partner,crew",Meeting,Pre Production,,Offline,"Hunting Lokasi Film Foufo
Lokasi : Surabaya Utara, Jawa Timur, Indonesia

1. Lokasi Real Enviroment kampung Rongsok, Daerah Ngagel, Dekat Pasar Loak Baru daerah Dupak

2. Daerah Bulak Banteng, lokasi dekat akses jalan besar dan modelnya kayak komplek pergudangan dengan tembok tinggi-tinggi (yang dikampungnya gak ada rosok/besi tua karena gang-gang kecil)

Team : Mas Dian (Manloc)

Notes : Masih opsi (belum lock)

Minutes prepared by,
Ang.",
Concept Design Update - Detailing UFO 2 Before After (Alternatif Design),"2/25/2025, 4:11:00 PM",Ricky,Whatsapp,Foufo,"bod,team,partner",Meeting,IP Development,0,Online,-,
Sponsorship Meeting - Polytron,"2/19/2025, 11:00:00 AM",,Kantor Polytron,Foufo,"bod,partner",Meeting,Business Development,1 jam,Offline,,
Sponsorship Meeting - Cosmos,"2/19/2025, 1:00:00 PM",,,Foufo,"bod,partner",Meeting,IP Development,1 jam,Offline,,
Sponsorship Meeting - Cleo,"2/26/2025, 12:00:00 PM",,"Kantor Cleo, Surabaya",Foufo,"bod,partner",Meeting,Business Development,1 jam,Offline,,
Sponsorship Meeting - Sarung BHS,"2/26/2025, 3:00:00 PM",,"Kantor BHS, Sidoarjo",Foufo,"bod,partner",Meeting,Business Development,1 jam,Offline,,
Casting Meeting - Cast Director 1st Meet,"2/28/2025, 1:00:00 PM",,Skak Studios,Foufo,"bod,team,partner",Meeting,Pre Production,1 Jam 30 Menit,,"Attendees :
- Mas Ricky (Producer)
- Mas Bayu (Director)
- Mas Panca (Casdir)
- Mas Daniel (Promosi)
- Anggra (Production Asst)

PEMBAHASAN - CASTING :

1. Target Open Casting
- Opsi tanggal open casting: 12 atau 13 April (weekend).

- Mas Panca akan berkomunikasi dengan Mba Haps terkait kebutuhan talent lokal di Surabaya, termasuk kandidat untuk supporting character yang akan mengikuti open casting:
1. Saiqona
2. Siti
3. Latif
4. Mustofa
5. Aqeela
6. Rahmat

2. Persiapan & Follow-up Cast

- Persiapan sudah dimulai sejak Maret.

- Mas Panca akan melakukan follow-up untuk:
1. Karin Afandi (Ika)
2. Kadir (Mat Saleh)

- Karakter Ika akan memiliki geng yang membully Mustofa (terdiri dari 2 cowok dan 1 cewek), karakter cewek diambil dari Laraati.

3. Pendaftaran & Open Casting

- Pendaftaran dilakukan secara online, dengan batas waktu dan kuota tertentu.

- Selain di Surabaya, juga akan ada open casting online di Jakarta.

- Karakter Toni
Opsi 1: Komeng (masih mencari link).
Opsi 2: Abdel.


4. Koordinasi & Penjadwalan

- Mba Sari akan dihubungi terkait jadwal dan budget Muslim dan Dono.

- Dono berperan sebagai co-director sekaligus comedy consultant.

Minutes Prepared by,
Ang.
",
Sponsorship Meeting - Selis,"3/7/2025, 1:00:00 PM",,Kantor Selis,Foufo,"bod,partner",Meeting,Business Development,1 jam,,,
Concept Design Update - Detailing UFO 3 Madura Version,"3/3/2025, 3:00:00 PM",,,Foufo,"bod,team,partner",Meeting,IP Development,,Online,"Secara komponen sudah oke, tinggal di list detail komponennya untuk mempermudah tim art nanti.",
Concept Design Meeting - Detailing UFO 4,"3/12/2025, 7:30:00 PM",,Skak Studios,Foufo,"bod,team,partner",Meeting,IP Development,1 Jam 30 Menit,Offline,"Attendees :
Mas Bayu
Mas Ricky
Icho
Fadel

Pembahasan :
1. Ukuran UFO ‚Äì Upsize ukuran UFO menjadi 350m (standar). Jika sudah di-remake untuk keluarga Muslim, ukurannya dapat diperbesar lagi sesuai kebutuhan.

2. Interior ‚Äì Penyesuaian pesawat ufo agar dapat memuat kipas Cosmos.

3. Tempat Duduk ‚Äì Penambahan tempat duduk dengan konsep seperti angkot untuk kenyamanan pengguna.

4. AC Belakang ‚Äì Penggantian bagian AC belakang dengan blender.

5. Plat Nomor ‚Äì Pergantian plat nomor dengan plat nomor mobil Joko.

6. Jadwal Meeting :
- Penjadwalan pertemuan antara designer dan tim art untuk pembahasan lebih lanjut.
- Pembahasan lanjutan terkait design rumah Muslim setelah hunting lokasi bulan Maret selesai

Minutes by,
Ang.",
Script Conference,"3/18/2025, 1:00:00 PM",,Skak Studios,Foufo,"bod,team,intern,partner,crew",Meeting,Pre Production,5 Jam,"Online,Offline","Attendees : Directing Team, Production Team, DP, Casting Team, Make Up Team, Wardrobe Team, Script Continuity Team, Art Team 
___________________________________________________

PEMBAHASAN SCENE

Scene 3 
- Akan ada shot kokpit dalam pesawat dengan foufo pengambilan backshot 

Scene 5
 - ( Keterangan waktu kejadian 23 jam sebelumnya, contoh scene 5. A-C
 - Opening film pada scene montase 5.d 

 Director request : 
 - Cari mobil polisi bekas patwal (bodynya saja).
 - Hanya ada bangkai selongsong tank 
 - Latar waktu film di tahun 2022 dan mengabaikan COVID-19 
 - Mat Saleh : Kadir Srimulat 
 
Scene 6 : 
- semua warga (extras) memakai hijab (contoh: Bu tejo film tilik)
- Muslim menggunakan tossa atau alternatif motor listrik, akan di cari dari kantor 
(tbd)

Director Request : Cari pemain untuk cast Latif (kakaknya muslim), dan talent-talent lain.

Scene 14 
- Art prepare rel sepanjang 2 meter untuk adegan ipul dan kacong, 

Scene 15 :
- Terjatuhnya ufo di daerah persawahan yang dekat dengan rel kereta api 
Director Request : Lokasi turunnya ufo di persawahan yang belum di tumbuhi padi.

Scene 20 : 
- Jam tangan fuofo sesuai dengan asset dan reference gambar yang sudah ada dr 
pihak SKAK

Scene 28 
- Tim casting menyediakan beberapa extras untuk di bank 4 wanita dan 2 laki-laki 
- Untuk shot, director sudah bahas dengan DP 

Scene 32
- Set Pantai akan di rubah ke area sawah, yang di scene 14 

Scene 50 
- Framing akan di buat muslim akan berdampingan dengan fuofo padahal tidak ada. 

Scene 62
- Minta perizinan rumah sakit (set yang akan di pakai Lorong di rumah sakit, dengan
opsi 1 set di Lorong sekolah dan opsi 2 lorong puskesmas yan)

Scene 66 
- Lokasi karaoke akan didiskusikan lebih lanjut. 
Scene 68 
- Tumpukan bekas elektronik di rumah Latif, karna Latif sebelumnya tukang solder.

Scene 73
- Efek angin ke pemain saat UFO terbang 

Scene 70 
- Tambahan kipas angin, laptop, tablet, lampu belajar untuk property 

Scene 76.1 
- Saiqonah hanya berpamitan kepada keluarganya. 
___________________________________________________

WARDROBE NOTE 
- Ibu di rumah pakai cibut 
- Ibu di luar pakai hijab reference dari bu tejo tilik 
- Nur hijabnya lebih santai dan suka perawatan, nur juga suka memakai perhiasan 
emas kuning, dan saiqonah tidak memakai perhiasan sama sekali dan di rumah 
memakai cibut. 
___________________________________________________

PRODUCTION NOTE
- Aset game yang ada di hpnya aqila dengan menggunakan asset dari SKAKS 
Studio 
- Foufo memproyeksikan luar angkasa dengan visual luar angkasa asli (shoot blue 
screen / green screen)
- Protesthic tangan UFO di buat tangan di buat warna biru sesuai dengan reference 
dari skak
- Tim sling untuk adegan scene ending UFO
- Bahasa 30% menggunakan Bahasa madura dan 70% Bahasa Indonesia. 
- Toni adalah orang Jakarta dengan menggunakan logat asli Betawi (suara 
spongebob)
___________________________________________________

MAKE UP NOTE
- Untuk make up siti di buat pucat dari scene dari awalan dia muncul di film dan hijab 
yang rapi. 
- Perubahan mata katarak saiqonah perlahan muai membaik, request softlens dari 
tim Make Up 
___________________________________________________

PRODUCTION TIMELINE
- Besok 19 Maret 1PPM CGI Online 
- Agenda tambahan (meeting shotlist dan CGI) akan di info secepatnya. 
- Shooting akan mundur di tgl 25 
- Director request : libur bisa di setiap jumat.
- Protesthic tangan akan di present tgl 7 Mei

Attendees by,
Mike - PA.",
1st Pre-Production Meeting,"3/19/2025, 1:00:00 PM",,Skak Studios,Foufo,"bod,team,intern,partner,crew",Meeting,Pre Production,2 Jam 30 Menit,"Online,Offline","Attendees :
Producer, Directing Team, Production Team, DoP, Make Up Team, Wardrobe Team, Script Continuity Team, Art Team

Online Attendees :
CGI Team, Casting Team, Lokasi
_____________________________________________

DISKUSI dengan TIM CGI

Alien : 
- pengisi suara alien standby lokasi, jadi teknisnya

- saat adegan ada 2 kamera (1 untuk merekam gesture standin dan 1 lagi untuk merekam ekpresi)

- standin akan pakai tracking di badan

- reminder koreksi bagian tangan untuk kebutuhan makeup dan kostum (based on feedback sc)

- versi 3d minggu ini sudah bisa dibuat, konsep akan dikirim mas ricky ke tim CGI

- mas bambang ke jakarta segera untuk persiapan workshop

- bahan kostum alien dove aja

- jam tangan alien dibuat langsung ada lampunya aja, saran warna dari DoP warna daylight

- pertanyaan-pertanyaan teknis mau dicompile di satu dokumen saja, karena jawaban teknis sangat panjang

- dibuat meeting produksi, tim kreatif, CGI untuk membicarakan soal teknis 

- warna jam alien mau ganti warna agar tidak sama dengan background

Wardrobe :
Q : bagian muka ada 2 warna, teknis dari wardrobe seperti apa?
A : warnanya diganti jadi warna biru
rework ganti warna line hijau di muka alien

Q : baju dibagian menyala akan di CGI, itu treatmentnya bagaimana?
A : bikin kostum yang bisa nyala

DOP : 
Q : saat adegan dinamis namun keliahatan bagian mata, apakah aman refleksinya?
A : orang CGI akan visit lokasi untuk capture lokasi untuk kebutuhan HDRI 

Q : lighting saat alien indor/outdoor apakah aman?
A : mereka juga akan buat virtual set disamakan dengan lokasi real, untuk kebutuhan lighting

Q : bagaimana kita bikin helm dengan tracking marks untuk kepala foufo saat makan?
A : oke dan tim CGI minta helm sudah saat visit untuk tracking HDRI

Q : jam tangannya akan terus nyala atau hitam saja saat aktivitas?
A :  nyala, warna hitam saja dan akan ditambahkan CGI

Make up : 
Q : tekstur kulit badan alien apakah sama dengan mukanya? apakah bisa menyatu badan dan muka?
A : CGI akan merender perpart bagian badan alien, jadi bisa diadjust

Astrada : 
Q : teknis pengambilan gambar alien?
A : pengisi suara alien standby lokasi, jadi teknisnya saat adegan ada 2 kamera (1 untuk merekam gesture standin dan 1 lagi untuk merekam ekpresi)

Art : 
Q : adegan dalam pesawat ufo teknisnya gimana? saat action kacanya dilepas atau bagaimana?
A : lebih baik dilepas, CGI akan bikin rigging
_____________________________________________

Lanjutan

- produksi butuh fitting Bambang Ceper secepatnya, kalau bisa jumat pararel administrasi

- produksi minta gambar design visual final alien, pesawat dan rumah minggu ini 

- teknis saat ufo naik menggunakan todano

- butuh lapangan untuk workshop todano di jakarta, lapangan disesuaikan yang dekat dengan tempat workshop

Prepared by,
Ang
",
Sponsorship Meeting - Advan,"3/19/2025, 11:00:00 AM",,Kantor Advan,Foufo,"bod,partner",Meeting,Business Development,1 jam,Offline,,
Sponsorship Meeting - UFO (Electronic Distributor),"3/20/2025, 2:00:00 PM",,Kantor UFO,Foufo,"bod,partner",Meeting,Business Development,1 jam,Offline,,
Sponsorship Meeting - Cleo,"3/20/2025, 4:00:00 PM",,Kantor Cleo,Foufo,"bod,partner",Meeting,Business Development,1 jam,Offline,,
CGI Meeting - Alignment Concept Design & CGI (Hompimpa),"3/21/2025, 1:00:00 AM","Ricky,Mahes",Google Meet,Foufo,"bod,team,partner",Meeting,IP Development,2 Jam 30 Menit,Online,"Minutes of Meeting (MOM) ‚Äì SKAK x HOMPIMPA
Proyek CGI ‚Äì Karakter UFO & VFX
üìÖ Tanggal: 21 Maret 2025
üïê Waktu: 13:00 - 14:30 WIB
üìç Lokasi: Google Meet

1. Karakter UFO
- Model karakter akan dibuat terlebih dahulu dan diuji dengan tim HOMPIMPA.
- Tracking akan ditempatkan di bahu dan kepala aktor untuk mempermudah CGI.
- Disarankan tidak menggunakan helm untuk mengurangi proses rotoscoping.
- Storyboard sangat diperlukan agar treatment visual lebih jelas dan fokus adegan lebih terarah.
- Referensi kepala karakter: Buzz Lightyears seperti pembalap F1 (buff).
- Kulit karakter seperti manusia, hanya berwarna biru.
- Mata:
 >Kedipan normal, bukan seperti reptil.
 >Harus memiliki refleksi seperti mata manusia.
 >Kelopak mata keluar untuk memberikan ekspresi yang lebih hidup.
- Karakter UFO dibuat lucu, bukan seram.
- Adegan dramatis: UFO menangis di akhir film (air menetes dari mata)
- Selanjutnya, tim HOMPIMPA akan melakukan tes dan preview.

2. HDRI & Environment Scan
- Scanning environment sangat penting untuk mendapatkan refleksi yang realistis.
- Lighting akan di-set up berdasarkan referensi pencahayaan dari hasil scanning awal.
- Helm akan diposisikan di tengah untuk membantu memancing cahaya.
- Pergerakan kamera akan diminimalisir dalam adegan dengan efek UFO untuk memudahkan CGI.

3. UFO Skoci ‚Äì Sebelum & Sesudah Turun ke Bumi
- Dibutuhkan moodboard untuk adegan awal serta referensi VFX.
- Efek energi di Blender yang ada di SKOCI akan berbentuk bola energi mirip Rasengan.
- SKAK perlu mendeliver moodboard dan panduan VFX untuk mempermudah eksekusi tim CGI.

",
Concept Design Meeting - Mothership UFO,"3/24/2025, 5:00:00 PM",,Skak Studios dan Google Meet,Foufo,"bod,team,partner",Meeting,IP Development,1 Jam,"Online,Offline","ATTENDEES : 
Mas Ricky
Mas Rofiq
Ichol
Fadel
Anggra

PEMBAHASAN : 

PROGRESS MOTHERSIP DESIGN

Mas Rofiq

- secara sinematografi jangan ada kamera dari atas pesawat, kalau mau, harus dari bawah, agar kesannya besar
- kapal terlihat kecil kalau scenenya cepet
sekoci keluar dari pesawat induk harus terdeliver cerita komedinya
- foufo ini karakternya seperti apa? untuk bisa di-explore
- deliver kekuatan cerita yang sedikit tapi, dibuat komedi agar efisiensi CGI-nya dimaklumi
- kalau background foufo researcher terlalu serius
tambahin grill
- bagian depan dibuat relatable
- pilih cerita yang cocok dengan model kapalnya

CTA : 
Mas fadel akan membuat simulasi angle kamera dari bawah

Minutes Prepared by,
Ang.
",
Artistic Meeting - Alignment Concept Design & Art,"3/26/2025, 3:00:00 PM",,Google Meet,Foufo,"bod,team,partner,crew",Meeting,Pre Production,2 Jam,Online,"Attendees:

Mas Ricky
Mas Mahes
Mba Rini
Mai Hoeizon Art)
Mas Fadel (Designer)
Tam Tam (Mockup)
Gio (Production)
Anggra

_____________________________________

Pembahasan : 
Membahas teknis ufo untuk keperluan mockup

DESIGN UFO PERTAMA

1 design utama untuk 3 bentuk ufo

tam tam dan produksi : 
- warna chrome (silver/metalic) berat untuk
- pengerjaanya dan tingkat refleksinya cukup tinggi seperti kaca
- base dumnya stengah lingkaran aja untuk mempercepat produksi 
- problem teknis hidrolic ada dibelakang, punya kekuatan, pegangan hidrolic harus ada pegangannya 
lampu hijau dari design sebelumnya nanti ikut ke dumnya
- bangkunya diadjust untuk bisa pakai knock down karena kalau pake rel akan sulit teknisnya
- lighting dan lampu knalpot secara teknis shooting harus pake 22volt dan harus pake kabel, apakah bisa diadjut dari design atau diadjust saat post pro?
- belakang dom ada engsel
- grey muda, tua, abu abu (warna nanti akan discuss saat PPM)
- dumnya harus knock down biar bisa lepas pasang dan memudahkan shooting
- bagian bawah aman bisa di eksekusi
lampu nanti pake aki
- monitor nanti pake screen aja, green/blue nanti diskusikan dengan CGI

fadel : 
- material body metalic dove/glossy dan grey
- warna grey dove, grey glossy, metalic dove, metalic glossy
- led warnanya ada 2 : list hijau dan pink

mas bayu : 
- teknis bisa diadjust namun tanpa lari dari look

DESIGN KEDUA - BONGKARAN

produksi :
- kanan kirinya diknock down (4 part, untuk sayap pesawat 1 dan 2)
- masalahnya ufo gak muat di toing jadi harus bisa dilepas pasang (knock down)

mas bayu : 
- opsi lain, scene yang ada ufonya akan dilakukan di daerah sekitar jakarta aja

DESIGN KETIGA - YANG SUDAH DIRENOVASI KELUARGA MUSLIM

- akan ada 2 bentuk kaca dom, 1 yang rusak agar tangan kacong bisa masuk, 1 untuk ending yang rapat kacanya (tapi dengan kaca yang sama)
- bentukannya akan dibuat mockup aja bukan barang real termasuk pipa karena nanti bebannya akan berat banget, dibuat seringan mungkin, yang besi hanya untuk rigging aja
- plat nomornya akan disesuaikan dari lokasinya
- kursinya dibuat satu aja yang belakangnya dan ada sit belt
- designnya di-aging  aja

CTA : 
- mungkin nanti nextstep bisa preview, design/mockup yang sudah di adjust tim art 
- pastikan semua ukuran dari ufo, mau bagian dalam ataupun luar
- buat meeting pertemuan tim art dan selis untuk mejelaskan secara teknis 
- double confirm untuk warna jam ke CGI

Minutes by,
Ang.
",
Development Meeting - Co Director 1st meet,"3/26/2025, 7:00:00 PM",,Skak Studios,Foufo,"bod,team,partner",Meeting,IP Development,2 Jam 30 Menit,"Online,Offline","Attendees : 
Mas Bayu
Mas Ricky (Online)
Mas Rofiq (Online)
Dono (Online)
Ichol
Bangkit
Ibot
Dul
Ang

Pembahasan : 
- Masukan dari mas dono agar komedi ceritanya kuat
- Bahasa 10% bahasa jawa, 30% madura, 60% indonesia
- Target internal 13+, cerita bisa disesuaikan
- Disepakati bahasa yang dipakai : 
   Muslim ke Keluarga : ngomong madura
   Muslim ke teman  : bahasa jawa logat madura
- Jokesnya dijaga agar tidak menyenggol budaya dan agama, apalagi kita ada unsur science jadi jangan sampai bentrok dengan agama


Dono : 
- Penempatan dialog, disesuaikan karena belum berasa seprti gayanya film Mas Bayu
- Dibangun dulu bonding antara Muslim dan alien agar tidak membuat audiens merasa tidak terlalu cepat akrabnya
- Scene 6 : tambahin hadiah random diacara mat saleh
- Ipul panggil Msulim ‚Äúcak‚Äù aja biar lebih madura
Scene 7 : langsung masukin punchline jokes lucu aja di scene-scene awal

Bayu : 
- Untuk memudahkan shooting hilangkan lokasi TPA karena membahayakan
- Sedang diupayakan mencari junkyard untuk opsi, mangkannya tentukan perongsok atau pengepul (keputusannya tunggu info dari orang lokasi terkait adanya junkyard atau tidak)
- Opsi cenenya dibuat montage aja
- Usulan dari mas bayu momen bonding dimulai pas setelah sholat
- Tulisan masih lemah dari aksi reaksinya
- Teknis pengambilan gambar rumah Mat Saleh agak sulit terkait lokasi, jadi akali aja dari penulisan

Rofiq : 
- Pilih aja sampahnya sampah apa
- Opening film harus megah untuk mempertegas alam semesta ini
- Dramatik film foufo : harus dibangun scene by scene agar membangun karakter Muslim

CTA : 
- Meeting offline untuk merapikan draft 3 jam 13.00 WIB : Penulis dan Director team.

Minutes by,
Ang.",
Meeting TIX dan Sinemart,"3/26/2025, 11:00:00 PM","Bayu,Danial",SCTV Tower,Foufo,"bod,partner",Meeting,Business Development,2 Jam,Offline,"MOM meeting TIX dan Sinemart

- Invesment TIX.ID sebagai strong point di Marketing base (with tools and big data Audience)
- Marketing Activity handle with TIX.ID (plan)
- Target November 2025 tayang
- ATS tools saat launching film Wajib!
- bu lilik pernah ngobrol dengan Xspace untuk iklan di KRL, space untuk iklan (direct sales to aplication)
- data pemilihan pembayaran bisa terlihat (audience menggunakan aplikasi apa untuk beli tiket)
- sency tidak mau menayangkan film indonesia 
- ATS dengan skema B1G3 untuk 2hr (TBC)
- Promo untuk War Ticket B1G3 (terbatas)
- marketing dengan menampilkan rate/genre dibuat ""semua umur"" atau ""13+""
- Hari pertama 50.000 views adalah advantage dari penonton semua film
- Trailer keluar harus mulai membuka aktifitas pembelian ticket
- durasi mempengaruhi jumlah show atau minat penonton dengan lama/sebentar saat nonton (100-120menit)",
2nd Pre-Production Meeting,"4/7/2025, 1:00:00 PM",,Skak Studios dan Google Meet,Foufo,"bod,team,partner,crew",Meeting,Pre Production,5 Jam,Online,"Attendees :
Producer
Director
Production
All HOD

PEMBAHASAN

Director Treatment :
- SC Opening; Efek ledakan UFO jatuh menggunakan lighting untuk ambiance/impact ke object, dan efek kejut (ledakan, angin, debu) TBD dengan tim SFX

DOP Treatment :
- Untuk set outdoor menggunakan asap untuk ngangkat intensitas lighting (ke tim Art)

Artistic Treatment :
- Director : untuk toko madura disediakan bangku didepannya
- Ruang tengah dikasih lukisan kabah
- Kamar Rumah Muslim : Opsi C di tambahin kasur lipat
- Ext Lapak Muslim : Kardus dan Besi untuk isian artnya
- Lapak Pop Ice : Diganti nama jadi Lapak Jus karena berkaitan dengan brand beserta isiannya
- Key Props Keluarga Muslim :  Gadget dari sponsor (Advan)
- Motor Ipul : Di aging
- Keris ""Warisan"" Keluarga Muslim : Keris khas Sumenep
- Mobil Pick Up : Option 1, dengan di aging
- Tasyakuran Haji : Tidak dilakukan dipelataran rumah, melainkan dijalanan atau di balai 
- Partikel Bangkai Pesawat & Tank : Mock Up
- Mock Up Rudal 3 Butir
- Lorong Rumah Sakit dibikin di lokasi sekolahan

Wardrobe 
- Baju strip merah putih untuk muslim untuk beberapa scene khusus 
- Tambahan periasan emas untuk warga sekitar rumah saikonah
- Untuk nur menggukana kerudung ala madura 
- Untuk hanya menggunakan selendang 
- Mukena saikonah berwarna putih 
- Daster yang di pakai oleh siti daster lengan Panjang 
- Baju rahmat semua kutungan 

Make Up 
- Kumis Muslim seperti yag di reference sebelah kanan
- Rahmat ingusan yang di buat tidak terlalu basah 

Location Department :
- Rumah, Lapak dan Sawah akan berada di Jakarta
- Untuk lapak akan menyesuaikan panjang dan lebarnya UFO
- Lapak Mat Saleh akan berada di Surabaya (inc set tasyakuran)
- Cari rumah Muslim yang sailing tinggi dengan ukuran lapak 5 x 12 
- Follow up SMPN 1 Surabaya dan Info seragamnya 

Casting Department :
- Untuk deck perlu di perbaiki dengan keterangan per-talentnya sudah lock secara budget dan schedule dengan persedutuan dari director 
- Tim casting secara parallel akan casting dengan menggunakan video 
- Open casting di tanggal 20 dan akan di present 21 April (3rd PPM)

Produksi :
- karena pembuatan ufo memakan waktu 45 hari, kita harus kasih limit ke tim Selis untuk kepastiannya seperti apa, maksimal pengambilan keputusan di tanggal 10 (take it or leave it), kalaupun Selis masih mau tetap berkontribusi alangkah lebih baik ke pendanaan saja.
- kalau selis kasih kabar tanggal 10, svhedule shooting mundur 3 hari, idealnya selis kasih kabar besok (8 April 2025)

CGI :
- CGI menyanggupi design foufo seperti design awal
- akan ada test percobaan dengan stand in talent untuk kepentingan CGI dan filenya akan dikirim ke hompimpa (helm dan kostum) untuk ditest (opsi tanggal 8-10 mei), test kameranya harus pakai kamera yang akan dipakai saat shooting, opsi pertama test cam di rental atau opsi kedua test cam di kantor tapi pakai kamera shooting dari tim dop tapi gratis (tangal 9 mei)
- timecode diperlukan untuk diregging ke wajah talent foufo (kamera gopro)
- test prostetc dan helm tanggal 9 mei.
- butuh cetak tangan mas bambang 3 minggu sebelum test cam kebutuhan helm dan prosthetic

Timeline : 
- Main talent lock di tanggal 18 April 2025 
- Update ufo (sekoci) di tanggal 20 Mei 2025 
- Make up & fitting dengan camera departemen di 9 mai 2025 
- Test camera di agendakan setelah tanggal 20 Mei setelah ada update dari produksi sekoci ufo
- Request meeting CGI, meeting post dengan tim directing",
Meeting Location with Director Team,"4/9/2025, 1:00:00 PM",,Skak Studios,Foufo,"bod,team,partner,crew",Meeting,Pre Production,2 jam 30 menit,"Online,Offline","Attendees :
Director Team
Produksi
Art Director

PEMBAHASAN
 
- Lapak orang lain pakai yang lebih besar / lapak Pak Buyung (pakai yang beda gang sama rumah Muslim) + warung Madura disampingnya 

- Realnya tempat ini jual besi tua, ditambahin besi besi buat nutupin plastic plastik (biar lebih dominan)

- Opsi lokasi rumah Narogong/rumah yang tidak ada mobil (rumah dan lapak Muslim) harus diberesin plastik plastiknya diganti sama besi besi, towing untuk bawa Ufo bisa masuk 

- Opsi rumah Muslim (yang ada jangkrik dan mobil) perlu dikonfirmasi ulang untuk dirombak full karena itu set utama

- Lapak dan rumah muslim pindah ke daerah Cileungsi 

- Dicari 1 opsi lagi untuk pemukiman (set lapak dan rumah Muslim)

- Set sawah cari lagi opsi (jangan daerah Bogor)

- Opsi set sawah area Bogor:
Ada spot yang sudah tidak produktif tapi keliatan nya seperti semak semak biasa, 
Di dekat persawahan ini ada musholla juga (musholla yang ada di area ini masuk kriteria)

- Opsi set sawah yang di Bekasi, dari yang udah diliat semua nya ada sungai disampingnya, kurang logis jika harus bawa ufo terus lewatin sungai tersebut

- Setelah ada tambahan satu opsi dari set sawah, set lapak, set rumah Muslim langsung akan di visit oleh mas Bayu dan tim kecil untuk survey lokasi 

- Untuk opsi Studio cek studio karnos dan elang, kriteria pemilihan berdasarkan Harga dulu (make sure studio bisa untuk workshop Ufo diatas Todano disekitaran studio)

- Opsi yang area Pancoran kurang masuk kriteria 

- Location Visit Surabaya :

	‚Ä¢	Lapak Mat Saleh 
	‚Ä¢	SMP 1 Surabaya 
	‚Ä¢	Lapangan sampah (Osowilangun)
	‚Ä¢	Area perkampungan rumah Muslim tetap divisit
	‚Ä¢	Untuk set tasyakuran harus di Surabaya, berkaitan dengan extras yang harus berbahasa madura 
	‚Ä¢	Bank Mandiri - Magorejo 
	‚Ä¢	Pantai dengan pohon dengan background jembatan Suramadu
	‚Ä¢	Jalanan kota Surabaya 

Artistic Note :

- Besi besi panjang berlubang dibuat mockup dan yang tidak ada lubangnya juga dibikin mockup 

Astrada Note :

- Dicicil untuk itinerary scouting, berkaitan dengan pemesanan hotel (dari mas Bayu cukup 2 hari di Surabaya)


Produksi Note :

- Scouting prefer di Jakarta dulu (dengan pembagian 2 hari Jakarta dan 2 hari Surabaya)

Director Note :

- Kalau ada opsi tambahan lagi, mas Bayu akan visit sebelum scouting

Minutes by,
PA.",
Development Meeting - Story Alignment & Comedy,"4/11/2025, 6:00:00 PM",,SKAK Studios,Foufo,"bod,team,partner",Meeting,IP Development,4 jam,Offline,"Attendees :
Producer
Director
Co Director
Asst Director 2
Writer
Writer Team",
Pembuatan Fat Suit Alien,"4/15/2025, 1:00:00 PM",,"PT. Sari Rambut - Wig Production - Abuan, Susut, Bangli Regency, Bali ",Foufo,"bod,team,partner,crew",Meeting,Pre Production,,Offline,"Pembuatan Fat Suit untuk Alien, Tim Wardrobe dan Bambang Ceper sebagai stand in actor Alien Foufo ke Bali untuk melakukan pencetakan badan.",
Scouting Day 1 - Jakarta,"4/14/2025, 8:00:00 PM",,Jakarta,Foufo,"bod,team,partner,crew",Meeting,Pre Production,,Offline,"DIRECTOR : BAYU SKAK 
LP : RINI ATMODJO
PH : SKAK STUDIOS

CALL TIME FOR SCOUTING LOCATION - JAKARTA
DATE : 14 APRIL 2025
TIME : 08.00 WIB on 1st Location

PARTICIPANT :
1. Line Producer
2. Director
  3. 1st AD
4. DOP
5. ‚Å†Gaffer 
6. Art Director
7. Art Asst
8. Sound Recorder
9. ‚Å†‚Å†‚Å†Location Team
10. ‚Å†‚Å†‚Å†UPM

1. Opsi Rumah Cileungsi
üìçhttps://maps.app.goo.gl/qY8ofuGg89wH7v9Z8?g_st=iw

BREAK LUNCH

2. Opsi Sawah - Klapanunggal
üìçhttps://maps.app.goo.gl/Z2Kbj7qEcpdubtcZ9

3. ‚Å†Opsi Mushala - Klapanunggal
üìç https://maps.app.goo.gl/VKkqfAYfnBWbGeuWA
",
"Live Cast Prosthetic, Helm & Wristband¬†Sizing","4/16/2025, 10:00:00 PM",,"Jln Jatiwaringin Raya, Gang Damai 3 No 10 RT 8/15 Kel. Pondok Gede Kec. Jatiwaringin 
Kab. Bekasi ",Foufo,"bod,team,partner,crew",Meeting,Pre Production,,Offline,"TALENT 
Bambang Ceper As FOUFO 
Taufik Asst Bambang 

Participant 
- Make Up Team 
- Talco Team 
- Art Team 
- Production Team 
- Bts Skak's Team",
Scouting Day 2 - Surabaya,"4/16/2025, 8:30:00 AM",,Surabaya,Foufo,"bod,team,partner,crew",Meeting,Pre Production,,,"PARTICIPANT 
1. Rini Atmodjo (Line Producer)
2. Bayu Skak (Director)
3. Robert Cauble (DOP)
4. Maiharizon (Art Director)
5. Hasanudin Bugo (Sound recorder)
6. Yudhis Purwanto (Assistant Director 1)
7. Andre Buluk (UPM)
8. Rahadian (Location Manager)

RUTE
1. Set : Lapak Luas - Bangong tambangan 
PPCW+P29 Ngagel, Surabaya, Jawa Timur
üìçhttps://maps.app.goo.gl/9LEoNdqhKipBeydb6

2. Set : Sekolah dan Lorong Rumah Sakit - SMPN 1 Surabaya 
Jl. Pacar No.4, RW.6, Ketabang, Kec. Genteng, Surabaya, Jawa Timur 60272
üìçhttps://maps.app.goo.gl/9LGC3tLgXPWt8gZy9?g_st=com.google.maps.preview.copy

(BREAK LUNCH)

3. Set : Jalanan Kota - Jalan Kota Lama Surabaya 
Jl. Rajawali Jl. Jembatan Merah, Kota Lama, Kec. Krembangan, Surabaya, Jawa Timur
üìçhttps://maps.app.goo.gl/YsRPVJNiupzQciAN7

4. Set : Pantai - Pantai Kedung cowek (Opsi 1) 
Kedung Cowek, Kec. Bulak, Surabaya, Jawa Timur 60125
üìçhttps://maps.app.goo.gl/MxvbZ4zNaoGNmJ1m8?g_st=com.google.maps.preview.copy

5. Set : Pantai - Pantai Kanjeran Lama (Opsi 2) 
Jl. Pantai Kenjeran No.1-6, Kenjeran, Kec. Bulak, Surabaya, Jawa Timur 60123
üìçhttps://maps.app.goo.gl/LcyRbJ7mNb2pVqvb6",
Scouting Day 3 - Surabaya,"4/17/2025, 8:30:00 AM",,,Foufo,"bod,team,partner,crew",Meeting,Pre Production,,Offline,"PARTICIPANT 
1. Rini Atmodjo (Line Producer)
2. Bayu Skak (Director)
3. Robert Cauble (DOP)
4. Maiharizon (Art Director)
5. Hasanudin Bugo (Sound recorder)
6. Yudhis Purwanto (Assistant Director 1)
7. Andre Buluk (UPM)
8. Rahadian (Location Manager)

RUTE 
1. Set : Lapangan Rongsok - Osowalingun 
Address : QMJ6+QFP, Tambak Osowilangun, Kec. Benowo, Surabaya, Jawa Timur 60191
üìçhttps://maps.app.goo.gl/xQ9s65qZRc2wNT4f9

2. Set : Bank - Bank Mandiri Margorejo 
Address : Jl. Margorejo Indah No.131 - 132 Kav. A, Margorejo, Kec. Wonocolo, Surabaya, Jawa Timur 60238
üìçhttps://maps.app.goo.gl/L6JKUrxpx6w1hK1N6",
Development Meeting - Alignment Comedy with Tretan Muslim,"4/18/2025, 5:00:00 PM",,SKAK Studios,Foufo,"bod,team,partner",Meeting,IP Development,2 jam,Offline,,
Preparation Open Casting - Kaza Mall Surabaya,"4/19/2025, 3:00:00 PM",,Kaza Mall Surabaya,Foufo,"bod,team,partner",Meeting,Pre Production,,,,
Open Casting Foufo - Kazza Mall Surabaya,"4/20/2025, 8:00:00 PM",,Kazza Mall Surabaya,Foufo,"bod,team,partner,crew",Meeting,Promo,9 Jam,Offline,"OPEN CASTING FOUFO 2025

Pendaftaran Online
Total Pendaftar online : 2.000 Peserta
Pendaftar online yang lolos : 943 peserta
________________________

Audisi Offline di Kazza
Pendaftar online yang melakukan registrasi ulang : 502 Peserta
Pendaftar OTS : 372 Peserta
Jumlah peserta offline (gabungan) : 874 Peserta
________________________

Total Keseluruhan Pendaftar Online dan Offline :
2.372 Peserta

",
Meeting Design Bibble Film Foufo,"4/24/2025, 2:00:00 PM",,Kantor Skak Studios,Foufo,"bod,team,partner,crew",Meeting,Pre Production,,Offline,Membahas design untuk kebutuhan Bibble Film Foufo.,
Meeting Shotlist,"4/22/2025, 8:00:00 AM",,Kantor Skak Studios,Foufo,"bod,team,partner,crew",Meeting,Pre Production,,Offline,"Meeting Shotlist 3 Hari :
22, 23, 24 April 2025

Pembahasan teknis pengambilan gambar per-scene.
",
Update Pengerjaan Rumah Muslim,"4/24/2025, 8:00:00 PM",,Lokasi Rumah Muslim,Foufo,"bod,team,partner,crew",Meeting,Pre Production,,Offline,Update pengerjaan rumah muslim setelah di-redisgn.,
Creative Meeting karakter FOUFO,"4/26/2025, 2:13:00 PM",Bayu,Kantor SKAK Studios,Foufo,"bod,team,partner,crew",Meeting,Production,1 jam,Online,"Yang akan di adjust ukuran helm nya
Kepala ufo harus cocok dengan kepala aktor (bambang ceper)
Adjustment ukuran kepala dari team hompimpa
Domnya akan ditambahin bagian bawahnya dan atasnya di adjustment",
Progress Pembuatan Ufo - 1,"4/26/2025, 5:55:00 PM",,Bekasi,Foufo,"bod,team,partner,crew",Meeting,Pre Production,8 jam,Offline,Proses pengerjaan dome UFO,
Recce Day 2 - Jakarta,"4/28/2025, 7:30:00 AM",,,Foufo,"bod,team,partner,crew",Meeting,Pre Production,,Offline,"PARTICIPANT 
- PRODUCTION TEAM 
- DIRECTING TEAM 
- CAMERA & LIGHTING TEAM 
- SOUND TEAM 
- LOCATION TEAM 
- CGI 

RUTE
1. Lapak Muslim - Ciluengsi
Address : Gg. Abah Eman, Pasir Angin, Kec. Cileungsi.
üìçhttps://maps.app.goo.gl/ie147f8Knu5PJZKV8

2. Lapak Lain - Cileungsi 
Address : Gg. Abah Eman, Pasir Angin, Kec. Cileungsi.
üìçhttps://maps.app.goo.gl/ie147f8Knu5PJZKV8

3. Kampung - Cileungsi 
Address : Gg. Abah Eman, Pasir Angin, Kec. Cileungsi.
üìçhttps://maps.app.goo.gl/ie147f8Knu5PJZKV8

4. Warung Madura - Toko Pak Buyung 
Address : Gg. Abah Eman, Pasir Angin, Kec. Cileungsi.
üìçhttps://maps.app.goo.gl/ie147f8Knu5PJZKV8
",
Recce Day 1 - Jakarta,"4/27/2025, 8:00:00 PM",,,Foufo,"bod,team,partner,crew",Meeting,Pre Production,,Offline,"PARTICIPANT 
- PRODUCTION TEAM 
- DIRECTING TEAM 
- CAMERA & LIGHTING TEAM 
- SOUND TEAM 
- LOCATION TEAM 
- CGI 
- POST TEAM 

RUTE 
1. Rumah Muslim - Ciluengsi
Address : Gg. Abah Eman, Pasir Angin, Kec. Cileungsi.
üìçhttps://maps.app.goo.gl/ie147f8Knu5PJZKV8

2. Sawah - 
Address : Bojong, Kec. Klapanunggal.
üìçhttps://maps.app.goo.gl/pJ7V1auiKYULK9Vd7
",
Meeting CGI & Post Production,"5/1/2025, 10:00:00 AM",,Kantor Hompimp,Foufo,team,Meeting,Pre Production,0,Offline,-,
Coba 12,"5/2/2025, 10:22:00 PM",,-,,"bod,team",Schedule,,,,-,
Recce Day 3 - Surabaya,"4/29/2025, 9:30:00 AM",,Surabaya,Foufo,"bod,team,partner,crew",Meeting,Pre Production,,Offline,"PARTICIPANT 
- PRODUCTION TEAM 
- DIRECTING TEAM 
- CAMERA & LIGHTING TEAM 
- ART TEAM
- SOUND TEAM 
- LOCATION TEAM 
- CGI 

RUTE 
1. Lapak Mat Saleh - 
Address : Jl. Bagong Tambangan, Ngagel, Kec. Wonokromo, Surabaya.
üìçhttps://maps.app.goo.gl/CyAYYiqY48b77Pue6

2. Jalanan - Jalanan Kota Lama 
Address :Sekarbungu, Sukolilo Barat, Kec. Labang, Kabupaten Bangkalan.
üìçhttps://maps.app.goo.gl/gTd2dY3aCW8kp6BW8

3. Pantai Pasir Madura - Pantai Pasir 
Address : Sekarbungu, Sukolilo Barat, Kec. Labang, Kabupaten Bangkalan.
üìçhttps://maps.app.goo.gl/oo9ezN1ELSxS3DUGA

4. Pantai Suramadu - kedung cowek 
Address :Kedung Cowek, Kec. Bulak, Surabaya.
 üìçhttps://maps.app.goo.gl/mmvxHpCzTPGZNy6N7",
Recce Day 4 - Surabaya,"4/30/2025, 8:00:00 AM",,Surabaya,Foufo,"bod,team,partner,crew",Meeting,Pre Production,,Offline,"PARTICIPANT 
- PRODUCTION TEAM 
- DIRECTING TEAM 
- CAMERA & LIGHTING TEAM 
- SOUND TEAM 
- ART TEAM
- LOCATION TEAM 
- CGI 

RUTE 
1. LAPANGAN RONGSOK - 
Address :Tambak Osowilangun, Surabaya.
üìçhttps://maps.app.goo.gl/WUnUBHKLaV6s5h2C9

2. SMP - SMPN 1 SURABAYA
Address : Jl. Pacar No.4, RW.6, Ketabang, Kec. Genteng, Surabaya.
üìçhttps://maps.app.goo.gl/TF3NDSJZHUiwpbDx6

3. BANK - BANK MANDIRI MARGOREJO 
Address : Jl. Margorejo Indah No.131 - 132 Kav. A, Margorejo, Kec. Wonocolo, Surabaya.
üìçhttps://maps.app.goo.gl/uF1DwbWCjKdS6gVs6

4. Pantai Suramadu - kedung cowek 
Address :Kedung Cowek, Kec. Bulak, Surabaya.
 üìçhttps://maps.app.goo.gl/mmvxHpCzTPGZNy6N7",
Reading Day 1 ,"5/2/2025, 1:00:00 PM",,Akardia Recident,Foufo,"bod,team,partner,crew",Meeting,Pre Production,,Offline,"PARTICIPANT
- Director 
- Co - Director 
- Asst Director Team 
- Castdir 
- Talent Coordinator Team 
- Production Team 
- Dialeg Coach
- Skak Bts Team 
- Script Writer 

TALENT
- Bambang Ceper As Foufo
- Ngatimah As Saiqonah 
- Hendra Cipta As Latif 
- Fuad Sasmita As Ipul 
- Hari Otong As Kacong 
- Aggun Dwi Lestari As Siti 
- Mieke Sahir As Nur 
- Ina Ponggang As Aqeela
- M. Rifqi As Mustofa 
- Adie Biebier As Toni / Dubber Ufo",
Fitting Fat Suit - Bali,"5/7/2025, 9:00:00 AM",,,Foufo,"bod,team,intern,partner",Meeting,Pre Production,,Offline,,
Finishing Tangan Alien,"5/7/2025, 4:00:00 PM",,,Foufo,"bod,team,intern,partner",Meeting,Pre Production,,Offline,Colouring & Detailing,
Perjalanan Wisata (Piknik) Keluarga Foufo ,"5/8/2025, 7:00:00 AM",,,Foufo,"bod,team,partner,crew",Meeting,Pre Production,,Offline,"Keluarga Muslim (Foufo) jalan-jalan bersama, piknik dan visit ke kantor Ekraf.",
Meeting Continuity ,"5/8/2025, 1:30:00 PM",,Skak Studios,Foufo,"bod,team,partner,crew",Meeting,Pre Production,,,"PARTICIPANT :

- Asst Director Team 
- Wardrobe Team 
- Make up Team 
- Script Continuity Team 
- Art Team 
- Production Team",
Reading Day 2,"5/3/2025, 10:00:00 AM",,Akardia Recident,Foufo,"bod,team,partner,crew",Meeting,Pre Production,,Offline,"PARTICIPANT
- Director 
- Co - Director 
- Asst Director Team 
- Castdir 
- Talent Coordinator Team 
- Production Team 
- Dialeg Coach
- Skak Bts Team 
- Script Writer 

TALENT
- Bambang Ceper As Foufo
- Tretan Muslim As Muslim
- Hendra Cipta As Latif 
- Fuad Sasmita As Ipul 
- Aggun Dwi Lestari As Siti 
- Mieke Sahir As Nur 
- Ina Ponggang As Aqeela
- M. Rifqi As Mustofa 
- Bayu Skak As Joko 
- Hari Otong As Kacong 
- Adie Biebier As Toni / Dubber Ufo",
Reading Day 3,"5/4/2025, 10:00:00 AM",,,Foufo,"bod,team,partner,crew",Meeting,Pre Production,,Offline,,
Reading Day 4,"5/5/2025, 10:00:00 AM",,,Foufo,"bod,team,partner,crew",Meeting,Pre Production,,,,
Reading Day 5,"5/6/2025, 10:00:00 AM",,,Foufo,"bod,team,partner,crew",Meeting,Pre Production,,Offline,,
Reading Day 6,"5/7/2025, 10:00:00 AM",,,Foufo,"bod,team,partner,crew",Meeting,Pre Production,,,,
Reading Day 7,"5/9/2025, 10:00:00 AM",,Atcadia Apartment,Foufo,"bod,team,partner,crew",Meeting,Pre Production,,Offline,,
Reading Day 8,"5/11/2025, 10:00:00 PM",,,Foufo,"bod,team,partner,crew",Meeting,Pre Production,,Offline,,
Reading Day 9,"5/13/2025, 10:00:00 AM",,,Foufo,"bod,team,partner,crew",Meeting,Pre Production,,Offline,,
Progress Pembuatan Ufo - 2,"4/28/2025, 4:00:00 PM",,,Foufo,"bod,team,partner,crew",Meeting,Pre Production,,,,
Progress Pembuatan Ufo - 3,"5/10/2025, 4:00:00 PM",,,Foufo,"bod,team,partner,crew",Meeting,Pre Production,,Offline,,
Progress Pembuatan Ufo - 4,"5/14/2025, 4:00:00 PM",,,Foufo,"bod,team,partner,crew",Meeting,Pre Production,,Offline,,
Progress Pembuatan Ufo - 5,"5/15/2025, 4:00:00 PM",,,Foufo,"bod,team,partner,crew",Meeting,Pre Production,,Offline,,
"Fitting, Test Make Up & Photo Props","5/12/2025, 8:00:00 AM",,"Jl. Galindra No.1A, Pela Mampang, Kec. Mampang Prpt., Kota Jakarta Selatan, Daerah Khusus Ibukota Jakarta 12720",Foufo,"bod,team,partner,crew",Meeting,Pre Production,,Offline,"PARTICIPANT
- Asst Director Team 
- Castdir 
- Talent Coordinator Team 
- Skak Bts Team 
- Art Team 
- Wardrobe Team 
- Make Up Team 
- Production Team 

TALENT
- Tretan Muslim As Muslim
- Bambang Ceper As Foufo 
- Ngatimah As Saiqonah 
- Hendra Cipta As Latif 
- Fuad Sasmita As Ipul 
- Aggun Dwi Lestari As Siti 
- Mieke Sahir As Nur 
- Ina Ponggang As Aqeela
- M. Rifqi As Mustofa 
- Hari Otong As Kacong 
- Radeya Shakeel As Rahmad",
Test Cam,"5/16/2025, 8:00:00 AM",,"Jalan Daan Mogot Km.17,4 No.10B, RT.1/RW.8, Kalideres, Kec. Kalideres, Kota Jakarta Barat",Foufo,"bod,team,partner,crew",Meeting,Pre Production,,Offline,,
Recce Jakarta - Visit Lokasi,"5/19/2025, 8:00:00 AM",,,Foufo,"bod,team,partner,crew",Meeting,Pre Production,,Offline,"PARTICIPANT 
- Production Team 
- Asst Director Team 
- Camera Team 
- Lighting Team 
- Art Team 
- Sound Team 
- CGI Team 
- Location Team

Location : 
Set 1 Sawah : Jl. Raya Bogor No.KM. 33, RW.5, Cisalak, Kec. Sukmajaya, Kota Depok, Jawa Barat 16416
üìçhttps://maps.app.goo.gl/fFrGsAKwbLKc6xSF6

Set 2 Studio Elang : Jl. Pulo Kambing III No.54, RW.11, Jatinegara, Kec. Cakung, Kota Jakarta Timur, Daerah Khusus Ibukota Jakarta 13930	
üìçhttps://maps.app.goo.gl/8gNXS3jhA8XbTiZ29

",
Final Meeting Sponsor Kencana Baja Ringan,"5/22/2025, 1:00:00 PM","Ricky,Bayu",Online Meeting,Foufo,"bod,team",Meeting,Production,0 Menit,Online,"KENCANA X FOUFO
Meeting Sponsor
Tanggal : Kamis, 22 Mei 2025
Jam : 14.00 - Selesai

Attendees : 
Bu Leli (Direktur KMB)
Tim Kencana Baja ( Adam, Louisa, Revangga, Yunita, Rere)
Mas Ricky
Mas Bayu
Mas Mahes
Anggra

Pembahasan : 

ADEGAN

- KMB akan muncul di 2scene utama : 
1. Scene saat mau merakit ufo, keluarga muslim ke toko kencana (lokasi di kantor kencana : tbc akan diskusi setnya dimana) 
2. Di toko Mat Saleh akan ada baja-baja KBJ sebagai props

- Selain itu akan ada scene soft selling seperti : 
Kaos kencana dipakai karakter
Di acara doorprize akan ada logo KMB
Logo-logo KMB akan bermunculan di toko-toko
Scene montase saat mau merakit ufo, character akan memakai aplikasi dari web KMB (mainskate)
Kaos kencana akan dipakai oleh tukang-tukang karena marketmya kalangan C,D.

- Jadi selain 2 scene utama, ada brand placement dan softselling

- Untuk scene toko Mat Saleh (props) barang-barang dari KJB sifatnya hanya dipijamkan, jadi setelah shootingnya selesai harus dikembalikan.

- Revangga akan kirimkan catalog terbaru, jadi alurnya :  katalog kirim ke tim Skak, Tim Skak  diskusi dengan tim art barang mana aja yang dibutuhkan (tim KJB akan suggest barang-barang yang bisa di las untuk merakit kerangka ufo fase 1) dan untuk keperluan properti di toko Mat Saleh

_________________________________

SPK & PEMBAYARAN
masalah pembayaran spesifiknya bagaimana? dari KMB mau by termin. - Mahes nanti kirim quotation (by termin), SPK, Invoice.

_________________________________

PROMO

- Tim KMB mau mengadakan talkshow di kantor KMB, semua kebutuhan acara akan diprovide dari KMB termasuk media, konsumsi dan yang lain, jadi tim promo dan cast hanya tinggal datang saja dan mengikuti acaranya

- Kantor KMB ini bentuknya office bukan pabrik

- Talkshow akan diikuti karyawan KMB dan tidak dibuka untuk umum karena keterbatasan tampat yang kurang memadai untuk menampung banyak orang

- Tim Skak setuju dengan acara talkshow dengan catatan : Seluruh karyawan KMB harus sudah menonton film Foufo agar aktif dan ramai saat acara

- KMB akan mendapatkan 150 tiket nobar dari paket sponsorship, 150an KMB akan provide ke karyawannya untuk menonton film Foufo

- Mas bayu ke tim Skak : sounding ke talent untuk talkshow di KMB agar talent tidak menyodorkan rate card, Arrange pemain dari sekarang untuk acara ini

- Mas Ricky : mau masukan visit ke kencana ke rencana acara roadshow (komunikasi ke talent : presscon di gedung kencana) atau bisa juga dimasukan acara makan siang dan undang media

- Tim KJB mau konten exclusive dengan mas bayu, namun untuk itu kaitannya dengan management artist mas bayu.

- Mas Bayu suggest untuk konten bersama Mas Bayu contoh video tiktok menjelaskan buat ufo bisa langsung bilang mulai dari kerangka dari kencana (Ma bayu mau bikin konten selagi berhubungan dengan film Foufo),  konten yang bisa di explore pesawat ufo bisa jadi extended konten.

- Tim KMB mau collab activation bikin kuis sama kmb di akun intagram foufo 

- Soal detail-detail promo dimasukan ke SPK (seperti logo-logo akan ada dimana saja)

- Untuk detail keterlibatan KMB saat promo akan didskusikan saat meeting selanjutnya

_________________________________

Next Move : 
- Tim KMB menunggu SPK kemudian meeting teknis
butuh detail request yang dibutuhkan
- Next meeting diskusikan soal talksow di KMB
- Next meeting obrolin creative

Minutes by,
Ang.",
Photo Poster ,"5/23/2025, 9:00:00 AM",,,Foufo,"bod,team,partner,crew",Meeting,Promo,,Offline,,
4th PPM - Final,"5/24/2025, 1:00:00 PM",,,Foufo,"bod,team,partner,crew",Meeting,Pre Production,,Offline,"FINAL PPM
Sabtu, 24 Mei 2025

Pembahasan : 
31 Mei Day 1 - Last Day 22 Juni 

Shooting Timeline
Update Makeup
Hotel pemain non jakarta & crew
________________________________________

Highlits :
- Buat simple design untuk ID Card Crew (hanya tulisan crew aja gak usah pake nama)
- Selama shooting di jakarta pakai 2 kamera
- Makan bebek carok seminggu 2x untuk cathering (komunikasi ke tim bebek carok)
- Pembagian tugas CGI : scene sawah dan saiqonah berangkat (Apis) & Scene Cosmos (Hompimpa)
- Set meeting hari ini untuk diskusi detail dengan tim sutradara
- karakter Sentot ganti nama jadi Ropan
- 30 Mei pagi pemain daily yang jadi Kurir dan Polisi datang dari Surabaya untuk reading bersama Nur, akan di lead Dono


______________________________________

TIMELINE SHOOTING 

DAY 1
Yudis : 
- hari pertama belum ada foufo, ambil scene ringan untuk pemanasan
- ac hanya ada 2 ac 5pk, bambang nanti tempatnya barengan sama muslim yang ruangannya dingin, untuk talent lain ada tempat lain
- yudis to hompimpa : foto 360 mau dari day 1 atau gimana? ans : janjian H-2 untuk screening set (go pro di taro untuk titik lighting)
- yudis ke casting : pembagian ke talco? ada talco khusus untuk bambang
- Tanggal 30 tim produksi visit lokasi (siang-sore)
- sebelum day 1 ada prelight

Talent : ISSUES FOUFO 
- solusi helm pengganti helm foufo, helm simple (untuk scene scene ringan seperti berdua sama muslim)
- PR basecamp untuk talent lain saat exterior, bambang ceper nanti akan tunggu di mobil

ART 
- Kamar Muslim (tahap finishing)
- Lapak Jus (tahap finishing)
- Lapak Muslim (tahap finishing) : confirm ufo bisa masuk ke lapak
- Grafitti aman
- Exterior rumah & lapak muslim (tahap finishing)
- Ruang tamu muslim (tahap finishing, tembok di-agging lagi ada rembesan air)

CGI : 
- Background memakai tim CGI yang baru, LP harus diskusi apakah masih bisa pakai green screen atau mengganti semua menjadi blue? yang ready itu green screen, ditunggu info update dari mas ricky

MAKE UP EFFECT : 
- tangan Foufo aman kalau dilepas copot tidak terlalu lama untuk pemasangannya


DAY 2 
Yudis : 
- hari pertama ada Bambang tapi bukan Foufo
ada adegan outdor (gang), jalanan depan rumah aman
- Selalu ada Selis untuk adegan depan rumah

DAY 3 
Yudis : 
- Montase 68E harus dicocokin brief mas bayu (tetap diambil suaranya) - update ke ichole juga soal list scene ini gak ada notes dari mas bayu soal musik
- Selama Preparation lokasi rumah muslim selalu hujan (hujan kemarau) biasanya dari sore
hari pertama ada Foufo 

Lokasi : 
Jika ada kebocoran sat hujan akan menjadi tanggung jawab pemilik

Art : 
Dapur rumah muslim - thap finishing 

CGI : 
Foufo akan lebih banyak pake helm warna biru
Adegan cosmos di studio sc 40 76 akan masih dihandle hompipa
Yudis minta list bagian hompimpa, harus didiskusikan dengan produser (mas ricky) dan tim art

DAY 4
Yudis : 
- Full dalam Lapak
- Pemakaian Dolly Telejib 7800 for SC 63
- SC 18 (scene akhir) long night

Talent : 
- Surat izin shooting untuk tentara pemain polisi untuk shooting tanggal 3 Mei 2025 (ang follow up)

DAY 5
Yudis : 
- Full Lapak Muslim
akan ada Iron Man (Cak Udin)
- Keris akan ditentukan ukurannya yang mana
- Sc 20 : ambil wide toni pingsan, foufonya diem, lalu nanti ambil shot saat mas ade menjadi VO

Tanggal 5 & 6 break karena takbiran idul adha dan idul adha

DAY 6 
- Pakai tenda kawinan
- Day For Night dalam rumah (25&26)
- Sc 65 - ufo fase 2 sudah dipreteli
- ada q take

DAY 7
- makan siang bebek carok karena pake box

DAY 8
- Rumah muslim full
- ada props mobil alphard
- scene 54 ada adegan makan bebek carok, based on final ppm ada kebutuhan props untuk cetak box nya bebek carok yang tanpa tulisan muslim, dan gambarnya muslim -+ 150pcs, api harus sudah ready di awal juni, tim art butuh konfirmasi kesanggupan dari tim bebek carok atau enggak secepatnya

DAY 9 
aman

DAY 10 
- ada day for night
- ada scene warung madura (banyak placement sponsor)
- Psewat Foufo fase 3
- ada adegan pesawat

DAY 11
- Full shooting di studio : Lokasi Studio Elang
special equip ( ada di schedule)
alat masuk studio H-1
- untuk background pakai green screen, setelah keputusan ini, tim wardrobe akan mengurangi baju hijau di scene tersebut

DAY 12 
- Lokasi sawah (kampus cilodong cisalak)
- Pesawat ufo fase terakhir
- ada special equip ada di schedule
- scene saiqonah pake greenscreen : bagian CGI baru 
- Basecampnya pakai tenda

DAY 13
- Lokasi sawah
- Callingan sore

DAY 14
- 2 kamera untuk tasyakuran
- untuk montage kamera akan pecah tim untuk ambil gambar montase
- basecamp : di kelurahan

DAY 15
- motor selis untuk scene sekolah 
- ada pak armuji jadi kepala sekolah

DAY 16
- banyak moving
- outdoor scene
- ada special equipment (ada di schedule) - camera rigging untuk selis camar (sponsor)

DAY 17
- Traveling scene titik awal surabaya lama jembatan merah, titik henti taman sejarah
- greenscreen di depan lobby

DAY 18
- Split tim 
- tidak ada night scene

KEBERANGKATAN CREW MOVING TO SURABAYA
Keberangakatan naik kereta HOD
Sisanya sleeper bus
Ada pake mobil van untuk beberapa alat
anak art tanggal 14 udah berangkat ke surabaya
Mas Bayu berangkat ke Surabaya duluan tanggal 16 Juni pagi

Minutes by,
Ang.
",
Acting Coaching,"5/24/2025, 4:00:00 PM",,,Foufo,"bod,team,partner,crew",Meeting,Pre Production,,Offline,,
Shooting - Day 1,"5/31/2025, 8:00:00 AM",,,Foufo,"bod,team,partner,crew",Meeting,Production,,Offline,"Crew call:  05.30 WIB
First Meal :05.30 WIB
First Cam Roll: 07.58 WIB

Second Meal :   12.05 WIB
Break off: 12.50 WIB
Second Roll:   13.19 WIB

Third Meal : 18.10 WIB
Break Off  : 18.50 WIB
Third roll: 19.07 WIB

WRAP :  20.29 WIB

SCENE : 5

- ‚Å†Scene 45‚úÖ
- ‚Å†Scene 47‚úÖ
- ‚Å†Scene 46‚úÖ
- ‚Å†Scene 56‚úÖ
- ‚Å†Scene 24‚úÖ

 Recap : 
 ‚Ä¢ Target Shooting Days : 18 days 
 ‚Ä¢ Progress Day shoot :  1 days 
 ‚Ä¢ Sisa Shooting Days : 17 days 


Terima kasih

‚úÖ : Scene Done
üìΩÔ∏è: Scene On Progress
‚èπÔ∏è : Pending
‚ùå : Scene Omitted",
Shooting - Day 2,"6/1/2025, 8:00:00 AM",,,Foufo,"bod,team,partner,crew",Meeting,Production,,Offline,"Crew call:  06.00 WIB
First Meal : 06.00 WIB
First Cam Roll: 08.10 WIB

Second Meal : 12.10 WIB
Break off: 13.00 WIB
Second Roll: 13.15 WIB

Third Meal : 18.20 WIB
Break Off  : 19.05 WIB
Third roll: 19.45 WIB

WRAP :  22.49 WIB

SCENE : 4
- ‚Å†Scene 12‚úÖ
- ‚Å†Scene 10‚úÖ
- ‚Å†Scene 11‚úÖ
- ‚Å†Scene 13‚úÖ

Scene Omitted: 2A, 3, 4, 33, 34, 35, 36, 38, 39, 41, 43, 44, 61, 76A. (14 scene)‚ùå

 Recap : 
 ‚Ä¢ Target Shooting Days : 18 days 
 ‚Ä¢ Progress Day shoot :  2 days 
 ‚Ä¢ Sisa Shooting Days : 16 days 

‚úÖ : Scene Done
üìΩÔ∏è: Scene On Progress
‚èπÔ∏è : Pending
‚ùå : Scene Omitted",
Shooting - Day 4,"6/3/2025, 6:30:00 AM",,,Foufo,"bod,team,partner,crew",Meeting,Production,,Offline,"Crew call:  06.30 WIB
First Meal : 06.30 WIB
First Cam Roll:  09.00 WIB

Second Meal : 12.12 WIB
Break off: 12.57 WIB
Second Roll:  13.24WIB

Third Meal :  WIB
Break Off  : WIB
Third roll: WIB

Notes :
- tambahan scene dari scene 18 (di dalam pesawat Foufo agak goyang-goyang karena kacong benturin kepala ke pesawat
- akan di take di studio

SCENE : 4

- ‚Å†Scene 31 ‚úÖ
- ‚Å†Scene 63‚úÖ
- ‚Å†Scene 60‚úÖ
- ‚Å†Scene 18üìΩÔ∏è

Scene Omitted: 2A, 3, 4, 33, 34, 35, 36, 38, 39, 41, 43, 44, 61, 76A. (14 scene)‚ùå


 Recap : 
 ‚Ä¢ Target Shooting Days : 18 days 
 ‚Ä¢ Progress Day shoot :  4 days 
 ‚Ä¢ Sisa Shooting Days : 14 days 


Terima kasih

‚úÖ : Scene Done
üìΩÔ∏è: Scene On Progress
‚èπÔ∏è : Pending
‚ùå : Scene Omitted",
Shooting - Day 5,"6/4/2025, 9:00:00 AM",,,Foufo,"bod,team,partner,crew",Meeting,Production,,Offline,"Crew call:  07.30 WIB
First Meal : 07.30 WIB
First Cam Roll:  09.23 WIB

Second Meal : 12.30 WIB
Break off: 13.15 WIB
Second Roll:  13.35 WIB

Third Meal :  17.19 WIB
Break Off  : 18.50 WIB
Third roll: 20.10 WIB

MTM : 00.15 WIB

WRAP :  00.15 WIB

SCENE : 5

- ‚Å†Scene 55A‚úÖ
- ‚Å†Scene 20A‚úÖ
- ‚Å†Scene 58‚úÖ
- ‚Å†Scene 19‚úÖ
- ‚Å†Scene 20‚úÖ

Scene Omitted: 2A, 3, 4, 33, 34, 35, 36, 38, 39, 41, 43, 44, 61, 76A. (14 scene)‚ùå


 Recap : 
 ‚Ä¢ Target Shooting Days : 18 days 
 ‚Ä¢ Progress Day shoot :  5 days 
 ‚Ä¢ Sisa Shooting Days : 13 days 


Terima kasih

‚úÖ : Scene Done
üìΩÔ∏è: Scene On Progress
‚èπÔ∏è : Pending
‚ùå : Scene Omitted",
Shooting - Day 3,"6/2/2025, 8:00:00 AM",,,Foufo,"bod,team,partner,crew",Meeting,Production,,Offline,"Crew call:  06.30 WIB
First Meal : 06.30 WIB
First Cam Roll: 08.41 WIB

Second Meal : 11.52 WIB
Break off: 12.35 WIB
Second Roll: 13.08 WIB

Third Meal : 18.23 WIB
Break Off  : 19.00 WIB
Third roll: 20.39 WIB

WRAP :  22.46 WIB

SCENE : 5
- ‚Å†Scene 48 ‚úÖ
- ‚Å†Scene 72 ‚úÖ
- ‚Å†Scene 68E‚úÖ
- ‚Å†Scene 75‚úÖ
- ‚Å†Scene 40 ‚úÖ

Add Scene: 67A ‚úÖ (1 scene)

Scene Omitted: 2A, 3, 4, 33, 34, 35, 36, 38, 39, 41, 43, 44, 61, 76A. (14 scene)‚ùå

 Recap : 
 ‚Ä¢ Target Shooting Days : 18 days 
 ‚Ä¢ Progress Day shoot :  3 days 
 ‚Ä¢ Sisa Shooting Days : 15 days 

Terima kasih

‚úÖ : Scene Done
üìΩÔ∏è: Scene On Progress
‚èπÔ∏è : Pending
‚ùå : Scene Omitted",
Shooting - Day 6,"6/7/2025, 8:00:00 AM",,,Foufo,"bod,team,partner,crew",Meeting,Production,,Offline,"Crew call:  06.00 WIB
First Meal : 06.00 WIB
First Cam Roll:  08.56 WIB

Second Meal : 12.01 WIB
Break off: 12.45 WIB
Second Roll:  13.15 WIB

Third Meal :  18.19 WIB
Break Off  : 18.55 WIB
Third roll: 19.31 WIB

MTM : WIB


WRAP :  WIB

Notes : 

SCENE : 5

- ‚Å†Scene 25‚úÖ
- ‚Å†Scene 25A‚úÖ
- ‚Å†Scene 26‚úÖ
- ‚Å†Scene 65‚èπÔ∏è
- ‚Å†Scene 67‚èπÔ∏è

Add Scene: 

Tarik Scene: 23+23A üìΩÔ∏è, 24A. (3 Scene)

Scene Delayed: 65, 67 ‚èπÔ∏è (2 scene)

Hutang Shot:

Scene Omitted: 2A, 3, 4, 33, 34, 35, 36, 38, 39, 41, 43, 44, 61, 76A. (14 scene)‚ùå

hambatan: Hujan dari jam 15.23 - 17.50 WIB

 Recap : 
 ‚Ä¢ Target Shooting Days : 18 days 
 ‚Ä¢ Progress Day shoot :  6 days 
 ‚Ä¢ Sisa Shooting Days : 12 days 

Terima kasih

‚úÖ : Scene Done
üìΩÔ∏è: Scene On Progress
‚èπÔ∏è : Pending
‚ùå : Scene Omitted",
Shooting - Day 7,"6/8/2025, 5:22:00 PM",,,Foufo,"bod,team,partner,crew",Meeting,Production,,Offline,"Crew call:  06.30 WIB
First Meal : 06.30 WIB
First Cam Roll:  08.49 WIB

Second Meal : 12.10 WIB
Break off: 12.57 WIB
Second Roll:  13.52 WIB

Third Meal :  17.45 WIB
Break Off  : 18.30 WIB
Third roll: 19.48 WIB

WRAP :  23.30 WIB

SCENE : 7
- Scene 21D ‚úÖ
- ‚Å†scene 22‚úÖ
- ‚Å†Scene 71A‚úÖ
- ‚Å†Scene 68A‚úÖ
- ‚Å†scene 68D‚úÖ
- ‚Å†Scene 65‚úÖ
- ‚Å†Scene 67‚úÖ

Scene Omitted: 2A, 3, 4, 33, 34, 35, 36, 38, 39, 41, 43, 44, 61, 76A, 68C (15 scene)‚ùå

 Recap : 
 ‚Ä¢ Target Shooting Days : 18 days 
 ‚Ä¢ Progress Day shoot :  7 days 
 ‚Ä¢ Sisa Shooting Days : 11 days 

Terima kasih

‚úÖ : Scene Done
üìΩÔ∏è: Scene On Progress
‚èπÔ∏è : Pending
‚ùå : Scene Omitted",
Shooting - Day 8,"6/9/2025, 8:30:00 AM",,,Foufo,"bod,team,partner,crew",Meeting,Production,,Offline,"Crew call:  07.00 WIB
First Meal : 07.00 WIB
First Cam Roll:  08.44 WIB

Second Meal : 12.41 WIB
Break off: 13.40 WIB
Second Roll:  14.16 WIB

Third Meal :  17.30 WIB
Break Off  : 18.20 WIB
Third roll: 19.40 WIB

WRAP :  21.49WIB

SCENE : 6
- ‚Å†scene 48A‚úÖ
- ‚Å†Scene 52B‚úÖ
- ‚Å†Scene 48B‚úÖ
- ‚Å†scene 52‚úÖ
- ‚Å†Scene 52A-1‚úÖ
- ‚Å†Scene 54 ‚úÖ

Scene Omitted: 2A, 3, 4, 33, 34, 35, 36, 38, 39, 41, 43, 44, 61, 76A, 68C (15 scene)‚ùå

 Recap : 
 ‚Ä¢ Target Shooting Days : 18 days 
 ‚Ä¢ Progress Day shoot :  8 days 
 ‚Ä¢ Sisa Shooting Days : 10 days 

Terima kasih

‚úÖ : Scene Done
üìΩÔ∏è: Scene On Progress
‚èπÔ∏è : Pending
‚ùå : Scene Omitted",
Shooting - Day 9,"6/10/2025, 8:30:00 AM",,,Foufo,"bod,team,partner,crew",Meeting,Production,,Offline,"EOD Shooting Day 9 - Progress shooting sudah mencapai 51%

Crew call:  06.30 WIB
First Meal : 06.30 WIB
First Cam Roll:  08. 54 WIB

Second Meal : 11.55 WIB
Break off: 12.40 WIB
Second Roll:  13.46 WIB

Third Meal :  17.20 WIB
Break Off  : 18.30WIB
Third roll: 19.35WIB

WRAP :  23.30 WIB

SCENE : 4
- ‚Å†Scene 55‚úÖ
- ‚Å†scene 57‚úÖ
- ‚Å†Scene 59‚úÖ
- ‚Å†Scene 37‚úÖ

Scene Omitted: 2A, 3, 4, 33, 34, 35, 36, 38, 39, 41, 43, 44, 61, 76A, 68C (15 scene)‚ùå

 Recap : 
 ‚Ä¢ Target Shooting Days : 18 days 
 ‚Ä¢ Progress Day shoot :  9 days 
 ‚Ä¢ Sisa Shooting Days : 9 days 

Terima kasih

‚úÖ : Scene Done
üìΩÔ∏è: Scene On Progress
‚èπÔ∏è : Pending
‚ùå : Scene Omittedd",
Shooting - Day 10,"6/11/2025, 8:30:00 AM",,,Foufo,"bod,team,partner,crew",Meeting,Production,,Offline,"Crew call:  07.00 WIB
First Meal : 07.00 WIB
First Cam Roll:  09.47 WIB

Second Meal : 12.00 WIB
Break off: 12.50 WIB
Second Roll:  13.28 WIB

Third Meal :  18.24 WIB
Break Off  : 19.20 WIB
Third roll: 19.51 WIB

WRAP :  22.36 WIB

SCENE : 10

- ‚Å†Scene 9‚úÖ
- ‚Å†scene 36C‚úÖ
- ‚Å†Scene 74A‚úÖ
- ‚Å†Scene 68F‚úÖ
- ‚Å†Scene 68E.2 (Retake)‚úÖ
- ‚Å†Scene 68A.2‚úÖ
- ‚Å†Scene 67.5 ‚úÖ
- ‚Å†Scene 67.4‚úÖ
- ‚Å†Scene 67.2 ‚úÖ
- ‚Å†Scene 67.3 ‚úÖ

Add Scene: scene 71.2 ‚úÖ, 71.3 ‚úÖ, 71.4 ‚úÖ

Scene Omitted: 2A, 3, 4, 33, 34, 35, 36, 38, 39, 41, 43, 44, 61, 76A, 68C, 68G, 69, 15. (18 scene)‚ùå

 Recap : 
 ‚Ä¢ Target Shooting Days : 18 days 
 ‚Ä¢ Progress Day shoot :  10 days 
 ‚Ä¢ Sisa Shooting Days : 8 days 

Terima kasih

‚úÖ : Scene Done
üìΩÔ∏è: Scene On Progress
‚èπÔ∏è : Pending
‚ùå : Scene Omittedd",
Shooting - Day 11,"6/13/2025, 8:30:00 AM",,,Foufo,"bod,team,partner,crew",Meeting,Production,,Offline,"Crew call:  06.00 WIB
First Meal : 06.00 WIB
First Cam Roll:  08.38 WIB

Second Meal : 11.47 WIB
Break off: 13.15 WIB
Second Roll:  13.38 WIB

Third Meal :  18.00 WIB
Break Off  : 18.40 WIB
Third roll: 19.25 WIB

WRAP :  00.05 WIB

Notes : 
SCENE : 12

- ‚Å†Scene 40A‚úÖ
- ‚Å†scene 73A‚úÖ
- ‚Å†Scene 76C‚úÖ
- ‚Å†Scene 76D‚ùå
- ‚Å†Scene 18A‚úÖ
- ‚Å†Scene 31A‚úÖ
- ‚Å†Scene 36D‚úÖ
- ‚Å†Scene 62A‚úÖ
- ‚Å†Scene54A‚úÖ
- ‚Å†Scene 17A‚úÖ
- ‚Å†Scene 17C‚úÖ
- ‚Å†Scene 25.1‚úÖ

Scene Omitted: 2A, 3, 4, 33, 34, 35, 36, 38, 39, 41, 43, 44, 61, 76A, 68C, 68G, 69, 15, 76E, 76D. (20 scene)‚ùå

 Recap : 
 ‚Ä¢ Target Shooting Days : 18 days 
 ‚Ä¢ Progress Day shoot :  11 days 
 ‚Ä¢ Sisa Shooting Days : 7 udays 


Terima kasih

‚úÖ : Scene Done
üìΩÔ∏è: Scene On Progress
‚èπÔ∏è : Pending
‚ùå : Scene Omittedd",
Shooting - Day 12,"6/14/2025, 6:30:00 PM",,,Foufo,"bod,team,partner,crew",Meeting,Production,,Offline,"Crew call:  15.30 WIB
First Meal : 18.00 WIB
First Cam Roll:  19.33 WIB

Second Meal : 00.25 WIB
Break off: 01.11 WIB
Second Roll: 02.19 WIB

Third Meal :  04.00 WIB
Break Off  : WIB
Third roll: WIB


WRAP : 05.20 WIB

SCENE : 4

- ‚Å†Scene 73B‚úÖ
- ‚Å†scene 74‚úÖ
- ‚Å†Scene 70‚úÖ
- ‚Å†Scene 71‚úÖ

Scene Omitted: 2A, 3, 4, 33, 34, 35, 36, 38, 39, 41, 43, 44, 61, 76A, 68C, 68G, 69, 15, 76E, 76D. (20 scene)‚ùå

 Recap : 
 ‚Ä¢ Target Shooting Days : 18 days 
 ‚Ä¢ Progress Day shoot :  12 days 
 ‚Ä¢ Sisa Shooting Days : 6 days 

Terima kasih

‚úÖ : Scene Done
üìΩÔ∏è: Scene On Progress
‚èπÔ∏è : Pending
‚ùå : Scene Omittedd",
Shooting - Day 13 - Pending Scene,"6/15/2025, 7:30:00 PM",,,Foufo,"bod,team,partner,crew",Meeting,Production,,Offline,"Pada hari ke-13 kegiatan shooting, tim produksi telah mengambil 3-4 scene sesuai jadwal yang telah direncanakan (namun belum bisa dipastikan file oke/tidak) :
- Scene 14üìΩÔ∏è
- ‚Å†scene 14AüìΩÔ∏è
- ‚Å†Scene 14BüìΩÔ∏è
- ‚Å†Scene 16üìΩÔ∏è

Namun, di tengah berjalannya produksi, kami menerima kabar duka bahwa salah satu anggota crew Make Up yaitu Ujang Suwandi (Andini) meninggal dunia.

Kronologi kejadiannya sebagai berikut :
- Almarhum sempat mengeluh dadanya sakit kepada salah satu crew
- Produksi mengambil tindakan memberikan oxygen untuk membantu bernafas dan dibawa ambulance ke rumah sakit terdekat (ambulance standby setiap hari di lokasi)
- Saat sampai rumah sakit almarhum masih sadar dan bisa berbicara normal, namun tidak lama kemudian almaruh mengeluh ke dokter punggungnya sakit kemudian kejang-kejang lalu dokter mengambil tindakan atas persetujuan, namun sayangnya nyawa Ujang Suwandi (Andini) tidak dapat tertolong.

Sebagai bentuk penghormatan dan empati atas musibah yang terjadi, seluruh kegiatan shooting pada hari tersebut dihentikan dan tidak dilanjutkan. Penghentian ini dilakukan agar seluruh tim dapat memberikan waktu dan ruang untuk berduka, serta sebagai bentuk solidaritas kepada keluarga yang ditinggalkan.

Keputusan penghentian shooting ini disepakati oleh top management, produser, director dan seluruh tim produksi, dengan mempertimbangkan situasi yang terjadi secara menyeluruh.

Adapun untuk langkah dan penyesuaian jadwal produksi selanjutnya, saat ini masih dalam proses pembahasan oleh top management dan akan segera diinformasikan lebih lanjut setelah keputusan resmi diambil.

Prepared by,
Ang.",
Reading & Fitting Talent Surabaya,"6/17/2025, 12:00:00 PM",,,Foufo,"bod,team,partner,crew",Meeting,Production,,Offline,"Date : Selasa, 17 Juni 2025
Tempat : Ruang Meeting Sky Lounge 147 Lantai 20 - Gold Vitel Hotel 
üìç https://maps.app.goo.gl/NqTrSx1AhVZPZnEo8?g_st=aw

Crew Call 12:00 WIB 

Fitting 13:00 WIB

Participant 
- Production Team 
- Make Up Team 
- Wardrobe Team 
- Talco Team 

Talent 
1. Mat saleh 
2. ‚Å†Fatimah 
3. ‚Å†Zaenab
4. ‚Å†Jamilah 
5. ‚Å†Niki 
6. ‚Å†Ryan 
7. ‚Å†Geby 
8. ‚Å†Presenter tv 
9. ‚Å†Riki
10. ‚Å†Abah Toko Besi 
",
Shooting - Day 14,"6/18/2025, 7:30:00 AM",,,Foufo,"bod,team,partner,crew",Meeting,Production,,Offline,"Crew call:  05.30 WIB
First Meal : 05.30 WIB
First Cam Roll:  08.25 WIB

Second Meal :12.05 WIB
Break off:13.00 WIB
Second Roll: 13.15 WIB

Third Meal :  18.00 WIB
Break Off  : 18.30 WIB
Third roll: 19.00 WIB

WRAP : 20.38 WIB

SCENE : 8

- ‚Å†Scene 7 ‚úÖ
- ‚Å†scene 6‚úÖ
- ‚Å†Scene 8‚úÖ
- ‚Å†Scene 5B‚úÖ
- ‚Å†Scene 5C‚úÖ
- ‚Å†Scene 5D‚úÖ
- ‚Å†Scene 68B ‚úÖ
- ‚Å†Scene 68B.2‚úÖ

Scene Omitted: 2A, 3, 4, 33, 34, 35, 36, 38, 39, 41, 43, 44, 61, 76A, 68C, 68G, 69, 15, 76E, 76D. (20 scene)‚ùå

 Recap : 
 ‚Ä¢ Target Shooting Days : 18 days 
 ‚Ä¢ Progress Day shoot :  14 days 
 ‚Ä¢ Sisa Shooting Days : 4 days 


Terima kasih

‚úÖ : Scene Done
üìΩÔ∏è: Scene On Progress
‚èπÔ∏è : Pending
‚ùå : Scene Omittedd",
Shooting - Day 15,"6/19/2025, 7:30:00 AM",,,Foufo,"bod,team,partner,crew",Meeting,Production,,Offline,"Crew call:  05.30 WIB
First Meal : 05.30 WIB
First Cam Roll:  07.41 WIB

Second Meal : 12.30 WIB
Break off: 13.10 WIB
Second Roll: 13.50 WIB

Third Meal :  17.30 WIB
Break Off  : 18.20 WIB
Third roll: 19.00 WIB

WRAP : 21.40 WIB

SCENE : 6

- ‚Å†Scene 42A‚úÖ
- ‚Å†Scene 42B‚úÖ
- ‚Å†Scene 29‚úÖ
- ‚Å†Scene 29A‚úÖ
- ‚Å†Scene 62‚úÖ
- ‚Å†Scene 66‚úÖ

Scene Omitted: 2A, 3, 4, 33, 34, 35, 36, 38, 39, 41, 43, 44, 61, 76A, 68C, 68G, 69, 15, 76E, 76D. (20 scene)‚ùå

 Recap : 
 ‚Ä¢ Target Shooting Days : 18 days 
 ‚Ä¢ Progress Day shoot :  15 days 
 ‚Ä¢ Sisa Shooting Days : 3 days 

Terima kasih

‚úÖ : Scene Done
üìΩÔ∏è: Scene On Progress
‚èπÔ∏è : Pending
‚ùå : Scene Omittedd",
Shooting - Day 16,"6/20/2025, 7:30:00 AM",,,Foufo,"bod,team,partner,crew",Meeting,Production,,Online,,
Shooting - Day 17,"6/21/2025, 8:00:00 AM",,,Foufo,"bod,team,partner,crew",Meeting,Production,,Offline,"Crew call:  06.00 WIB
First Meal : 06.00 WIB
First Cam Roll:  07.35 WIB

Second Meal : 12.05 WIB
Break off: 12.50 WIB
Second Roll: 13.42 WIB

Third Meal :  18.42 WIB
Break Off  : WIB
Third roll: WIB

WRAP : 18.42 WIB

SCENE : 8

- Scene 27‚úÖ
- ‚Å†Scene 51‚úÖ
- ‚Å†Scene 52.1 ‚úÖ
- ‚Å†Scene 49B‚úÖ
- ‚Å†Scene 50‚úÖ
- ‚Å†Scene 28‚úÖ
- scene 30A.1‚úÖ
- ‚Å†Secene 36 A‚úÖ

Scene Omitted: 2A, 3, 4, 33, 34, 35, 36, 38, 39, 41, 43, 44, 61, 76A, 68C, 68G, 69, 15, 76E, 76D. (20 scene)‚ùå

 Recap : 
 ‚Ä¢ Target Shooting Days : 19 days 
 ‚Ä¢ Progress Day shoot :  17 days 
 ‚Ä¢ Sisa Shooting Days : 2 days 

Terima kasih

‚úÖ : Scene Done
üìΩÔ∏è: Scene On Progress
‚èπÔ∏è : Pending
‚ùå : Scene Omittedd",
Shooting - Day 18 ,"6/22/2025, 8:00:00 AM",,,Foufo,"bod,team,partner,crew",Meeting,Production,,Offline,"Crew call:  05.30 WIB
First Meal : 05.30 WIB
First Cam Roll:  08.09 WIB

Second Meal : 11.40 WIB
Break off: 12.20 WIB
Second Roll: 13.01WIB

Third Meal :  17.45 WIB
Break Off  : 18.25 WIB
Third roll: 18.30 WIB

WRAP : 19.04 WIB

SCENE : 12

- Scene 30‚úÖ
- ‚Å†Scene 30B‚úÖ
- ‚Å†Scene 49A‚úÖ
- ‚Å†Scene 53A‚úÖ
- ‚Å†Scene 53B‚úÖ
- ‚Å†Scene 53C‚úÖ
- scene  5C.2‚úÖ
- ‚Å†Secene 76B‚úÖ
- ‚Å†Scene 76A.1‚úÖ
- ‚Å†Scene 62A‚úÖ
- ‚Å†Scene 30A‚úÖ
- ‚Å†Scene 36B‚úÖ

Add Scene: 53D ‚úÖ

Scene Omitted: 2A, 3, 4, 33, 34, 35, 36, 38, 39, 41, 43, 44, 61, 76A, 68C, 68G, 69, 15, 76E, 76D. (20 scene)‚ùå

 Recap : 
 ‚Ä¢ Target Shooting Days : 19 days 
 ‚Ä¢ Progress Day shoot :  18 hdays 
 ‚Ä¢ Sisa Shooting Days : 1 days 

Terima kasih

‚úÖ : Scene Done
üìΩÔ∏è: Scene On Progress
‚èπÔ∏è : Pending
‚ùå : Scene Omittedd",